date,strategy,ret_net,turnover,cost,n_assets,cov_method,cost_bps,seed
2003-03-31,1/N,-0.07024699871208541,0.0,0.0,34,sample,5,137
2003-03-31,GA-UQ,0.04313014595555865,0.0,0.0,34,sample,5,137
2003-04-30,1/N,0.17501176955843853,0.06792824299288255,3.396412149644128e-05,34,sample,5,137
2003-04-30,GA-UQ,0.047752038711212225,0.30637672575667435,0.00015318836287833717,34,sample,5,137
2003-05-31,1/N,0.05353190287343253,0.08873135705686638,4.4365678528433194e-05,34,sample,5,137
2003-05-31,GA-UQ,0.05045748565492933,0.13152032656997348,6.576016328498674e-05,34,sample,5,137
2003-06-30,1/N,0.03212558252740981,0.06769661655422204,3.3848308277111024e-05,34,sample,5,137
2003-06-30,GA-UQ,-0.047703672261381225,0.1257787147206271,6.288935736031356e-05,34,sample,5,137
2003-07-31,1/N,0.05298292866637371,0.08525571311648739,4.2627856558243696e-05,34,sample,5,137
2003-07-31,GA-UQ,-0.010161005065436782,0.018877989141948073,9.438994570974036e-06,34,sample,5,137
2003-08-31,1/N,0.0391186781361559,0.056562389875960975,2.8281194937980487e-05,34,sample,5,137
2003-08-31,GA-UQ,0.023270928362820093,0.278255423791003,0.0001391277118955015,34,sample,5,137
2003-09-30,1/N,-0.03567798515167903,0.05390435338488627,2.6952176692443136e-05,34,sample,5,137
2003-09-30,GA-UQ,0.018989276606693167,0.17743844849213794,8.871922424606897e-05,34,sample,5,137
2003-10-31,1/N,0.0876985668278593,0.057321731400811364,2.8660865700405682e-05,34,sample,5,137
2003-10-31,GA-UQ,0.014624364124831337,0.41461642620486894,0.00020730821310243448,34,sample,5,137
2003-11-30,1/N,0.014169484344665254,0.06919936247436151,3.459968123718075e-05,34,sample,5,137
2003-11-30,GA-UQ,0.05302974577401938,0.385121719791823,0.00019256085989591151,34,sample,5,137
2003-12-31,1/N,-0.0011564352923715598,0.048614103445944024,2.430705172297201e-05,34,sample,5,137
2003-12-31,GA-UQ,-0.021061642125583934,0.4699213668189562,0.0002349606834094781,34,sample,5,137
2004-01-31,1/N,0.04800654823531113,0.04389192378110868,2.194596189055434e-05,34,sample,5,137
2004-01-31,GA-UQ,0.03849629282512709,0.17527354076240045,8.763677038120022e-05,34,sample,5,137
2004-02-29,1/N,0.037679283672145736,0.05671334945058758,2.835667472529379e-05,34,sample,5,137
2004-02-29,GA-UQ,0.07784342229280185,0.5037949156218468,0.0002518974578109234,34,sample,5,137
2004-03-31,1/N,-0.020307780229662425,0.06676589858758236,3.3382949293791185e-05,34,sample,5,137
2004-03-31,GA-UQ,0.04227701509440612,0.21892146960609393,0.00010946073480304697,34,sample,5,137
2004-04-30,1/N,0.008498501503966176,0.04841538435509293,2.4207692177546468e-05,34,sample,5,137
2004-04-30,GA-UQ,0.035378635788454196,0.40183999516450375,0.0002009199975822519,34,sample,5,137
2004-05-31,1/N,-0.011421554390825994,0.04949718199300593,2.4748590996502964e-05,34,sample,5,137
2004-05-31,GA-UQ,0.041633145043021694,0.49904702055875766,0.00024952351027937884,34,sample,5,137
2004-06-30,1/N,0.03064992208720895,0.040543483716571724,2.027174185828586e-05,34,sample,5,137
2004-06-30,GA-UQ,0.03421451266835114,0.17088413523859516,8.544206761929758e-05,34,sample,5,137
2004-07-31,1/N,-0.03753445356726557,0.043543048859607345,2.1771524429803673e-05,34,sample,5,137
2004-07-31,GA-UQ,-0.02940866892484815,0.37036115905857114,0.00018518057952928558,34,sample,5,137
2004-08-31,1/N,-0.021450360299037803,0.0335720003829896,1.67860001914948e-05,34,sample,5,137
2004-08-31,GA-UQ,0.024253664751204565,0.3865470952596446,0.0001932735476298223,34,sample,5,137
2004-09-30,1/N,-0.00037001761953294203,0.05653213242125431,2.8266066210627154e-05,34,sample,5,137
2004-09-30,GA-UQ,0.03067473408504076,0.3245840019635125,0.00016229200098175626,34,sample,5,137
2004-10-31,1/N,0.025219606258484354,0.04722034753127935,2.3610173765639677e-05,34,sample,5,137
2004-10-31,GA-UQ,0.062124494353027034,0.8477651414640769,0.00042388257073203844,34,sample,5,137
2004-11-30,1/N,0.03491045427235525,0.04070443627211974,2.0352218136059872e-05,34,sample,5,137
2004-11-30,GA-UQ,0.034192486875361895,0.7030905415060766,0.00035154527075303835,34,sample,5,137
2004-12-31,1/N,0.018652335904767222,0.04284357224463524,2.142178612231762e-05,34,sample,5,137
2004-12-31,GA-UQ,-0.001932818912187885,0.538726719025246,0.000269363359512623,34,sample,5,137
2005-01-31,1/N,0.024055030707372093,0.03830681359388601,1.9153406796943005e-05,34,sample,5,137
2005-01-31,GA-UQ,-0.003873053878874462,0.42098945081313466,0.00021049472540656734,34,sample,5,137
2005-02-28,1/N,0.03799177345702073,0.042643157470357004,2.1321578735178502e-05,34,sample,5,137
2005-02-28,GA-UQ,0.060000797966817565,0.41840433668852395,0.00020920216834426197,34,sample,5,137
2005-03-31,1/N,-0.014309263237717557,0.04993126963490874,2.496563481745437e-05,34,sample,5,137
2005-03-31,GA-UQ,-0.095044872412627,0.19334863466010846,9.667431733005423e-05,34,sample,5,137
2005-04-30,1/N,-0.05918816669121445,0.049091254184006075,2.454562709200304e-05,34,sample,5,137
2005-04-30,GA-UQ,-0.150818418198428,0.21215967954176412,0.00010607983977088206,34,sample,5,137
2005-05-31,1/N,0.05923199239601731,0.040503280674783634,2.0251640337391817e-05,34,sample,5,137
2005-05-31,GA-UQ,0.06210090143398339,0.31134248387895985,0.00015567124193947992,34,sample,5,137
2005-06-30,1/N,0.03827448055666081,0.04488339020816326,2.2441695104081632e-05,34,sample,5,137
2005-06-30,GA-UQ,0.04203378060003818,0.29773996400044567,0.00014886998200022282,34,sample,5,137
2005-07-31,1/N,0.0514113404189297,0.028074061745664555,1.4037030872832278e-05,34,sample,5,137
2005-07-31,GA-UQ,0.06884777979847673,0.5788007175162034,0.0002894003587581017,34,sample,5,137
2005-08-31,1/N,-0.012107514157130584,0.03433638097910576,1.7168190489552882e-05,34,sample,5,137
2005-08-31,GA-UQ,0.019377717568274437,0.41366042842630185,0.00020683021421315093,34,sample,5,137
2005-09-30,1/N,0.05149070828539665,0.04002221383961395,2.0011106919806974e-05,34,sample,5,137
2005-09-30,GA-UQ,0.029790993647060567,0.2568025492253113,0.00012840127461265566,34,sample,5,137
2005-10-31,1/N,-0.03842013517913392,0.0359745005543432,1.7987250277171603e-05,34,sample,5,137
2005-10-31,GA-UQ,-0.09028673754705771,0.13315419115113036,6.657709557556519e-05,34,sample,5,137
2005-11-30,1/N,0.03443471526790145,0.039852827071629904,1.992641353581495e-05,34,sample,5,137
2005-11-30,GA-UQ,0.05526148100702858,0.36879913802538034,0.00018439956901269018,34,sample,5,137
2005-12-31,1/N,0.021759882880587004,0.03924949866206455,1.9624749331032276e-05,34,sample,5,137
2005-12-31,GA-UQ,0.00985014499351815,0.3539868931599071,0.00017699344657995356,34,sample,5,137
2006-01-31,1/N,0.04986880571900029,0.04258452437100112,2.129226218550056e-05,34,sample,5,137
2006-01-31,GA-UQ,0.15416194677622783,0.32021426378397044,0.00016010713189198523,34,sample,5,137
2006-02-28,1/N,0.015316498645376524,0.028036228136513908,1.4018114068256955e-05,34,sample,5,137
2006-02-28,GA-UQ,-0.00429094341026895,0.5298397887844669,0.00026491989439223347,34,sample,5,137
2006-03-31,1/N,0.03459714272933943,0.04788073210731128,2.394036605365564e-05,34,sample,5,137
2006-03-31,GA-UQ,0.07581052819567338,0.17257710932267187,8.628855466133594e-05,34,sample,5,137
2006-04-30,1/N,-0.00044613439483346616,0.04183020496397766,2.091510248198883e-05,34,sample,5,137
2006-04-30,GA-UQ,-0.040026546125763854,0.043261325924309375,2.1630662962154688e-05,34,sample,5,137
2006-05-31,1/N,-0.06357201547846478,0.03773246825539111,1.8866234127695555e-05,34,sample,5,137
2006-05-31,GA-UQ,-0.09666223066330377,0.16155192027074514,8.077596013537257e-05,34,sample,5,137
2006-06-30,1/N,-0.00249033225435547,0.03886893278079881,1.9434466390399405e-05,34,sample,5,137
2006-06-30,GA-UQ,0.026894783117013103,0.19343650316655145,9.671825158327573e-05,34,sample,5,137
2006-07-31,1/N,-0.015505435685956753,0.03313987908493561,1.6569939542467806e-05,34,sample,5,137
2006-07-31,GA-UQ,0.0279430257258445,0.4374400536254151,0.00021872002681270756,34,sample,5,137
2006-08-31,1/N,0.054488296183477426,0.038839666177064414,1.9419833088532206e-05,34,sample,5,137
2006-08-31,GA-UQ,0.029682111788272573,0.26588329981783576,0.0001329416499089179,34,sample,5,137
2006-09-30,1/N,0.01546287976673018,0.057490380988281374,2.8745190494140688e-05,34,sample,5,137
2006-09-30,GA-UQ,0.03446331728048931,0.07617317296202737,3.8086586481013684e-05,34,sample,5,137
2006-10-31,1/N,0.02630239227511741,0.03194546713474139,1.5972733567370695e-05,34,sample,5,137
2006-10-31,GA-UQ,0.0650401163330147,0.10111932368995308,5.055966184497654e-05,34,sample,5,137
2006-11-30,1/N,0.005509477622107574,0.032986260072917266,1.6493130036458634e-05,34,sample,5,137
2006-11-30,GA-UQ,0.017274017197087915,0.03531057684214478,1.765528842107239e-05,34,sample,5,137
2006-12-31,1/N,0.04020959798034402,0.03716206343136362,1.8581031715681812e-05,34,sample,5,137
2006-12-31,GA-UQ,0.021080234175978475,0.22183299319912445,0.00011091649659956222,34,sample,5,137
2007-01-31,1/N,0.027930801327494134,0.03929339316259329,1.9646696581296643e-05,34,sample,5,137
2007-01-31,GA-UQ,0.08924552382444868,0.1982935500586466,9.91467750293233e-05,34,sample,5,137
2007-02-28,1/N,-0.00041958681772253503,0.03333555013180094,1.666777506590047e-05,34,sample,5,137
2007-02-28,GA-UQ,0.008987784622851977,0.20715202789174858,0.0001035760139458743,34,sample,5,137
2007-03-31,1/N,0.04531163499304747,0.04392801096210377,2.1964005481051883e-05,34,sample,5,137
2007-03-31,GA-UQ,0.08836681304080134,0.2544855921767009,0.00012724279608835047,34,sample,5,137
2007-04-30,1/N,0.04100844269829835,0.039313703737600895,1.9656851868800448e-05,34,sample,5,137
2007-04-30,GA-UQ,0.015109721672976046,0.02152179433663786,1.076089716831893e-05,34,sample,5,137
2007-05-31,1/N,0.023135051226483266,0.04573893249413805,2.2869466247069027e-05,34,sample,5,137
2007-05-31,GA-UQ,0.02604005842852326,0.03161026745367935,1.5805133726839676e-05,34,sample,5,137
2007-06-30,1/N,0.00037407521222789327,0.03906390624084333,1.9531953120421665e-05,34,sample,5,137
2007-06-30,GA-UQ,-0.02210780044520065,0.16450247454823344,8.225123727411672e-05,34,sample,5,137
2007-07-31,1/N,-0.0425101159330815,0.039225612215776556,1.961280610788828e-05,34,sample,5,137
2007-07-31,GA-UQ,-0.009327393253352936,0.3059045805305392,0.0001529522902652696,34,sample,5,137
2007-08-31,1/N,-0.015271243089034749,0.03716924820202608,1.858462410101304e-05,34,sample,5,137
2007-08-31,GA-UQ,0.0012149966876675137,0.23176348752886533,0.00011588174376443266,34,sample,5,137
2007-09-30,1/N,0.0025485180337861857,0.03733544481341605,1.8667722406708027e-05,34,sample,5,137
2007-09-30,GA-UQ,0.06897108078902384,1.0895600310071982,0.0005447800155035991,34,sample,5,137
2007-10-31,1/N,0.02552598423071166,0.030063350863336703,1.5031675431668351e-05,34,sample,5,137
2007-10-31,GA-UQ,0.12277891522591343,0.23417967365870343,0.00011708983682935172,34,sample,5,137
2007-11-30,1/N,-0.06794313247658788,0.04612294414049171,2.3061472070245855e-05,34,sample,5,137
2007-11-30,GA-UQ,-0.06017499288271074,0.03497374300752407,1.7486871503762038e-05,34,sample,5,137
2007-12-31,1/N,-0.022249755787452672,0.03878536745070024,1.939268372535012e-05,34,sample,5,137
2007-12-31,GA-UQ,-0.049175921467959,0.058386410321983086,2.9193205160991545e-05,34,sample,5,137
2008-01-31,1/N,-0.12539928878991105,0.05820580748207088,2.910290374103544e-05,34,sample,5,137
2008-01-31,GA-UQ,-0.09595860429894087,0.2743644374601056,0.0001371822187300528,34,sample,5,137
2008-02-29,1/N,-1.9282692067833362e-05,0.04767973794627639,2.3839868973138197e-05,34,sample,5,137
2008-02-29,GA-UQ,0.03271753856781088,0.6306722927088924,0.0003153361463544462,34,sample,5,137
2008-03-31,1/N,-0.011513055750347142,0.04988782262379364,2.494391131189682e-05,34,sample,5,137
2008-03-31,GA-UQ,-0.03356919905019219,0.09552371945990877,4.776185972995439e-05,34,sample,5,137
2008-04-30,1/N,0.039028633992219806,0.0442295676576885,2.211478382884425e-05,34,sample,5,137
2008-04-30,GA-UQ,0.09991562264012153,0.07762430316982918,3.881215158491459e-05,34,sample,5,137
2008-05-31,1/N,0.015209318767048743,0.040233601173372074,2.0116800586686038e-05,34,sample,5,137
2008-05-31,GA-UQ,0.06641033670007285,0.29247530082226575,0.00014623765041113287,34,sample,5,137
2008-06-30,1/N,-0.13896562508021126,0.06306531001652317,3.153265500826159e-05,34,sample,5,137
2008-06-30,GA-UQ,-0.07638830955732465,0.44893262640309284,0.00022446631320154642,34,sample,5,137
2008-07-31,1/N,-0.005234811827921192,0.041085664500993276,2.0542832250496638e-05,34,sample,5,137
2008-07-31,GA-UQ,-0.031338224662858724,0.01108470790605393,5.542353953026965e-06,34,sample,5,137
2008-08-31,1/N,0.04980673362779048,0.06106766927294617,3.053383463647309e-05,34,sample,5,137
2008-08-31,GA-UQ,-0.045989455317505964,0.12492122045800341,6.246061022900171e-05,34,sample,5,137
2008-09-30,1/N,-0.12087386690444166,0.05843368379842586,2.921684189921293e-05,34,sample,5,137
2008-09-30,GA-UQ,-0.25990410822036963,0.15178192904890764,7.589096452445382e-05,34,sample,5,137
2008-10-31,1/N,-0.18351020630170364,0.05513449362289154,2.7567246811445768e-05,34,sample,5,137
2008-10-31,GA-UQ,-0.29166902909743075,0.1374967088234353,6.874835441171765e-05,34,sample,5,137
2008-11-30,1/N,-0.05705770914188971,0.10250211149851839,5.1251055749259194e-05,34,sample,5,137
2008-11-30,GA-UQ,0.04543176549432175,0.8524090270710298,0.0004262045135355149,34,sample,5,137
2008-12-31,1/N,0.005087316265357659,0.12944328794332627,6.472164397166314e-05,34,sample,5,137
2008-12-31,GA-UQ,0.013501049299502327,0.6879803164121705,0.00034399015820608524,34,sample,5,137
2009-01-31,1/N,-0.06757614849451088,0.09494718954043077,4.747359477021539e-05,34,sample,5,137
2009-01-31,GA-UQ,-0.11269872360433957,0.651581738250544,0.000325790869125272,34,sample,5,137
2009-02-28,1/N,-0.0823472618027979,0.07537317251810541,3.76865862590527e-05,34,sample,5,137
2009-02-28,GA-UQ,-0.0234729328286423,0.5527109775000875,0.00027635548875004374,34,sample,5,137
2009-03-31,1/N,0.05059303727080338,0.08465370598058218,4.232685299029109e-05,34,sample,5,137
2009-03-31,GA-UQ,-0.018511836573233267,0.8185098989931144,0.00040925494949655723,34,sample,5,137
2009-04-30,1/N,0.19405845759782062,0.0933460043720558,4.66730021860279e-05,34,sample,5,137
2009-04-30,GA-UQ,-0.0004103529942993922,0.5654529147976876,0.0002827264573988438,34,sample,5,137
2009-05-31,1/N,0.016927052885008894,0.0810126483972366,4.05063241986183e-05,34,sample,5,137
2009-05-31,GA-UQ,0.010332225801626975,0.6899131483031129,0.0003449565741515565,34,sample,5,137
2009-06-30,1/N,-0.030701964345363923,0.0990401000054203,4.952005000271015e-05,34,sample,5,137
2009-06-30,GA-UQ,-0.04510238776614083,0.3513967143533969,0.00017569835717669847,34,sample,5,137
2009-07-31,1/N,0.14131311607757696,0.06713466789995146,3.356733394997573e-05,34,sample,5,137
2009-07-31,GA-UQ,0.04000888919396292,0.5278355167174311,0.0002639177583587156,34,sample,5,137
2009-08-31,1/N,0.06757421156604967,0.03529530827310717,1.7647654136553588e-05,34,sample,5,137
2009-08-31,GA-UQ,0.030065789464012616,0.3227183935671456,0.0001613591967835728,34,sample,5,137
2009-09-30,1/N,0.05622750752978465,0.06594315801903174,3.297157900951587e-05,34,sample,5,137
2009-09-30,GA-UQ,0.039494904632605535,0.265390096039953,0.0001326950480199765,34,sample,5,137
2009-10-31,1/N,-0.05465503866280139,0.05766800375599267,2.8834001877996333e-05,34,sample,5,137
2009-10-31,GA-UQ,-0.05214325033758335,0.4109981957890379,0.00020549909789451895,34,sample,5,137
2009-11-30,1/N,0.014941137580594968,0.048734301557889416,2.4367150778944708e-05,34,sample,5,137
2009-11-30,GA-UQ,0.01929641289615789,0.3003476627178588,0.0001501738313589294,34,sample,5,137
2009-12-31,1/N,0.09023798697502824,0.049983664449873746,2.4991832224936875e-05,34,sample,5,137
2009-12-31,GA-UQ,0.06626171474104045,0.2307872545287646,0.0001153936272643823,34,sample,5,137
2010-01-31,1/N,-0.022811070872242937,0.04198278632525372,2.099139316262686e-05,34,sample,5,137
2010-01-31,GA-UQ,-0.055294344182871775,0.33956429460134946,0.00016978214730067475,34,sample,5,137
2010-02-28,1/N,-0.012654932647165058,0.04099610829356766,2.049805414678383e-05,34,sample,5,137
2010-02-28,GA-UQ,0.039447948612569506,0.12021594888956036,6.010797444478018e-05,34,sample,5,137
2010-03-31,1/N,0.08555103020922486,0.04222337327668398,2.111168663834199e-05,34,sample,5,137
2010-03-31,GA-UQ,0.03454154056133966,0.5267226505864251,0.00026336132529321255,34,sample,5,137
2010-04-30,1/N,-0.0008343916194551215,0.050085154954522475,2.504257747726124e-05,34,sample,5,137
2010-04-30,GA-UQ,0.013910687438096475,0.3094934476860005,0.00015474672384300025,34,sample,5,137
2010-05-31,1/N,-0.0697515392384401,0.03931574554074519,1.9657872770372597e-05,34,sample,5,137
2010-05-31,GA-UQ,-0.024594051815220046,0.2232901492052085,0.00011164507460260425,34,sample,5,137
2010-06-30,1/N,-0.00762679063315734,0.036463647012806286,1.8231823506403144e-05,34,sample,5,137
2010-06-30,GA-UQ,0.05063103804893839,0.4368999754065884,0.00021844998770329422,34,sample,5,137
2010-07-31,1/N,0.04610189596222422,0.05448718899224596,2.724359449612298e-05,34,sample,5,137
2010-07-31,GA-UQ,0.0041096555800758045,0.19322277861827578,9.661138930913789e-05,34,sample,5,137
2010-08-31,1/N,-0.04193324135226821,0.04305021700685233,2.152510850342617e-05,34,sample,5,137
2010-08-31,GA-UQ,-0.0345461759742802,0.20114126294229714,0.00010057063147114857,34,sample,5,137
2010-09-30,1/N,0.0822801241032824,0.05110254750444585,2.5551273752222926e-05,34,sample,5,137
2010-09-30,GA-UQ,0.08167014572215543,0.35950920356066096,0.0001797546017803305,34,sample,5,137
2010-10-31,1/N,0.03856082133991569,0.03804046501961532,1.902023250980766e-05,34,sample,5,137
2010-10-31,GA-UQ,0.006266432122630432,0.43170989349348216,0.0002158549467467411,34,sample,5,137
2010-11-30,1/N,-0.034669868107277235,0.05081895825153186,2.540947912576593e-05,34,sample,5,137
2010-11-30,GA-UQ,-0.02531218549811818,0.27711746783814,0.00013855873391907002,34,sample,5,137
2010-12-31,1/N,0.0705287786441173,0.03668874065188342,1.834437032594171e-05,34,sample,5,137
2010-12-31,GA-UQ,0.053897482681347135,0.48766014508736244,0.00024383007254368121,34,sample,5,137
2011-01-31,1/N,0.04440838334006938,0.05456658583922677,2.7283292919613386e-05,34,sample,5,137
2011-01-31,GA-UQ,0.008383707841740702,0.618338883187677,0.0003091694415938385,34,sample,5,137
2011-02-28,1/N,0.03267619074111103,0.04608058851387866,2.304029425693933e-05,34,sample,5,137
2011-02-28,GA-UQ,-0.02073014315200504,0.16685386334211624,8.342693167105813e-05,34,sample,5,137
2011-03-31,1/N,-0.027299280467877184,0.05515993841315854,2.757996920657927e-05,34,sample,5,137
2011-03-31,GA-UQ,-0.023204837661003338,0.18182285703672843,9.091142851836422e-05,34,sample,5,137
2011-04-30,1/N,0.03657546960744807,0.050463458534210935,2.5231729267105467e-05,34,sample,5,137
2011-04-30,GA-UQ,0.02484996778517103,0.5866466577862619,0.00029332332889313095,34,sample,5,137
2011-05-31,1/N,-0.010594865852751833,0.035041950095186715,1.7520975047593357e-05,34,sample,5,137
2011-05-31,GA-UQ,0.04878670309380777,0.06894485814170558,3.4472429070852786e-05,34,sample,5,137
2011-06-30,1/N,-0.004743856139864117,0.0367080838678006,1.83540419339003e-05,34,sample,5,137
2011-06-30,GA-UQ,0.007853609218982042,0.49621503804169725,0.0002481075190208486,34,sample,5,137
2011-07-31,1/N,-0.07429223944246702,0.034678818854405824,1.7339409427202913e-05,34,sample,5,137
2011-07-31,GA-UQ,0.017802126993603253,0.2614085379010226,0.0001307042689505113,34,sample,5,137
2011-08-31,1/N,-0.11670054248010821,0.03327672491552165,1.6638362457760826e-05,34,sample,5,137
2011-08-31,GA-UQ,-0.07161222126313813,0.8695503923651656,0.0004347751961825828,34,sample,5,137
2011-09-30,1/N,-0.10271643689434161,0.06512678836480137,3.256339418240069e-05,34,sample,5,137
2011-09-30,GA-UQ,-0.04834867476977255,1.042239100851134,0.000521119550425567,34,sample,5,137
2011-10-31,1/N,0.10600168063631923,0.05773875405641614,2.886937702820807e-05,34,sample,5,137
2011-10-31,GA-UQ,0.016778976812283023,0.09102390583849432,4.551195291924716e-05,34,sample,5,137
2011-11-30,1/N,-0.05343709089940774,0.06551624862275678,3.275812431137839e-05,34,sample,5,137
2011-11-30,GA-UQ,-0.004722914057778625,0.1903553036459688,9.517765182298441e-05,34,sample,5,137
2011-12-31,1/N,-0.016973731863897494,0.05263590345710836,2.631795172855418e-05,34,sample,5,137
2011-12-31,GA-UQ,0.012374984002752842,1.1842544757134912,0.0005921272378567456,34,sample,5,137
2012-01-31,1/N,0.08458242191201716,0.05886489454484083,2.9432447272420417e-05,34,sample,5,137
2012-01-31,GA-UQ,0.060403869410582456,0.8146060045179625,0.0004073030022589813,34,sample,5,137
2012-02-29,1/N,0.07681361484634332,0.0409783259769151,2.0489162988457552e-05,34,sample,5,137
2012-02-29,GA-UQ,0.025981242452833727,0.46433705507123213,0.00023216852753561607,34,sample,5,137
2012-03-31,1/N,-0.0009138010927946286,0.06378623879506981,3.1893119397534903e-05,34,sample,5,137
2012-03-31,GA-UQ,0.07008294176390369,0.8869312819067018,0.0004434656409533509,34,sample,5,137
2012-04-30,1/N,-0.06728953040845928,0.04736459219951451,2.3682296099757257e-05,34,sample,5,137
2012-04-30,GA-UQ,0.018496926741878153,0.6733956186347309,0.0003366978093173654,34,sample,5,137
2012-05-31,1/N,-0.06575158468253656,0.049276565262634825,2.463828263131741e-05,34,sample,5,137
2012-05-31,GA-UQ,0.004248550564465801,0.34807525696381236,0.00017403762848190618,34,sample,5,137
2012-06-30,1/N,0.04319770609636829,0.07368241052246421,3.6841205261232106e-05,34,sample,5,137
2012-06-30,GA-UQ,0.03291819414606924,0.20364291253316757,0.00010182145626658379,34,sample,5,137
2012-07-31,1/N,0.013268757754345507,0.054564149503591154,2.7282074751795578e-05,34,sample,5,137
2012-07-31,GA-UQ,0.007329201495338263,0.15721102610857313,7.860551305428657e-05,34,sample,5,137
2012-08-31,1/N,0.02862513089543812,0.04602662689418405,2.3013313447092024e-05,34,sample,5,137
2012-08-31,GA-UQ,-0.018455674746766702,0.020887040450691414,1.0443520225345706e-05,34,sample,5,137
2012-09-30,1/N,-0.004868674508447565,0.05590469111527632,2.795234555763816e-05,34,sample,5,137
2012-09-30,GA-UQ,0.04314538327961549,0.275719969852758,0.000137859984926379,34,sample,5,137
2012-10-31,1/N,-0.0009112369994854658,0.04190811094728869,2.0954055473644344e-05,34,sample,5,137
2012-10-31,GA-UQ,-0.01029046536965826,0.4460513557447197,0.00022302567787235985,34,sample,5,137
2012-11-30,1/N,0.048109540672490195,0.05417314402478497,2.7086572012392488e-05,34,sample,5,137
2012-11-30,GA-UQ,0.06282223810906525,0.12293619693424894,6.146809846712447e-05,34,sample,5,137
2012-12-31,1/N,0.03575705989059212,0.052123239199960016,2.606161959998001e-05,34,sample,5,137
2012-12-31,GA-UQ,0.007375490186109939,0.5372202645847429,0.00026861013229237147,34,sample,5,137
2013-01-31,1/N,0.040325754279186325,0.02770454172330494,1.385227086165247e-05,34,sample,5,137
2013-01-31,GA-UQ,0.0002111260180441113,0.09250192183928951,4.625096091964476e-05,34,sample,5,137
2013-02-28,1/N,0.009647357365050003,0.03574073480110118,1.7870367400550592e-05,34,sample,5,137
2013-02-28,GA-UQ,0.05114737837154921,0.13663314449985656,6.831657224992828e-05,34,sample,5,137
2013-03-31,1/N,0.0014983221327025428,0.048424895789792394,2.4212447894896198e-05,34,sample,5,137
2013-03-31,GA-UQ,0.03717600530669759,0.16407338509586428,8.203669254793214e-05,34,sample,5,137
2013-04-30,1/N,0.019113340637330663,0.04814701627093114,2.407350813546557e-05,34,sample,5,137
2013-04-30,GA-UQ,0.025898987715957007,0.26650768695450944,0.0001332538434772547,34,sample,5,137
2013-05-31,1/N,0.04619028535264124,0.044855566362469304,2.242778318123465e-05,34,sample,5,137
2013-05-31,GA-UQ,0.031481703056808745,0.36897639950977806,0.00018448819975488905,34,sample,5,137
2013-06-30,1/N,-0.041646530469454546,0.040011890644603296,2.0005945322301648e-05,34,sample,5,137
2013-06-30,GA-UQ,-0.03370589558655631,0.3723438438176452,0.0001861719219088226,34,sample,5,137
2013-07-31,1/N,0.09105598739439846,0.06917745192585747,3.4588725962928737e-05,34,sample,5,137
2013-07-31,GA-UQ,0.09218753865646585,1.0433250041164597,0.0005216625020582298,34,sample,5,137
2013-08-31,1/N,-0.01643478259694832,0.037906982924264504,1.895349146213225e-05,34,sample,5,137
2013-08-31,GA-UQ,-0.03201134785550739,0.754894311539833,0.0003774471557699165,34,sample,5,137
2013-09-30,1/N,0.07366041467080034,0.04741684452696623,2.3708422263483115e-05,34,sample,5,137
2013-09-30,GA-UQ,0.03208312220010893,0.6371827238898468,0.0003185913619449234,34,sample,5,137
2013-10-31,1/N,0.04135669377167936,0.030144562090946906,1.5072281045473453e-05,34,sample,5,137
2013-10-31,GA-UQ,-0.0163405192197383,0.2087970236533175,0.00010439851182665876,34,sample,5,137
2013-11-30,1/N,0.011178769537333365,0.04747816824321364,2.373908412160682e-05,34,sample,5,137
2013-11-30,GA-UQ,-0.0006956984441766164,0.24148291658049714,0.00012074145829024858,34,sample,5,137
2013-12-31,1/N,0.01119822418619957,0.05425805414382005,2.712902707191003e-05,34,sample,5,137
2013-12-31,GA-UQ,0.0307964313987001,0.5978874846701812,0.00029894374233509056,34,sample,5,137
2014-01-31,1/N,-0.01485217871511431,0.03934239051692345,1.9671195258461728e-05,34,sample,5,137
2014-01-31,GA-UQ,0.004754687560876383,0.4124581457179443,0.00020622907285897216,34,sample,5,137
2014-02-28,1/N,0.0512594717257841,0.034049402955158986,1.7024701477579492e-05,34,sample,5,137
2014-02-28,GA-UQ,0.00648056262221352,0.18639000043047024,9.319500021523513e-05,34,sample,5,137
2014-03-31,1/N,-0.0022321004069481916,0.04622443592201251,2.3112217961006253e-05,34,sample,5,137
2014-03-31,GA-UQ,-0.026378951051927106,0.42728803080824573,0.00021364401540412286,34,sample,5,137
2014-04-30,1/N,0.026201665949424083,0.04833831042740083,2.4169155213700418e-05,34,sample,5,137
2014-04-30,GA-UQ,-0.02198495192121133,0.5979622237441119,0.000298981111872056,34,sample,5,137
2014-05-31,1/N,0.006188060083610938,0.029117375840297745,1.4558687920148873e-05,34,sample,5,137
2014-05-31,GA-UQ,0.03110357468616678,0.7276435646622987,0.00036382178233114936,34,sample,5,137
2014-06-30,1/N,-0.0333384823186386,0.05209376144558486,2.6046880722792433e-05,34,sample,5,137
2014-06-30,GA-UQ,-0.012774474835598211,1.2793381721132755,0.0006396690860566378,34,sample,5,137
2014-07-31,1/N,-0.029385512847466974,0.03783948838387454,1.891974419193727e-05,34,sample,5,137
2014-07-31,GA-UQ,-0.038499458259621436,0.07382460252946217,3.6912301264731086e-05,34,sample,5,137
2014-08-31,1/N,0.0157848250463122,0.031868560720544725,1.5934280360272362e-05,34,sample,5,137
2014-08-31,GA-UQ,0.05522083526619837,0.2917098474805266,0.0001458549237402633,34,sample,5,137
2014-09-30,1/N,-0.01639546587863061,0.04197877057808912,2.098938528904456e-05,34,sample,5,137
2014-09-30,GA-UQ,-0.009626399396094425,0.7528267667499768,0.0003764133833749884,34,sample,5,137
2014-10-31,1/N,-0.018725213640606093,0.03278891335804025,1.6394456679020127e-05,34,sample,5,137
2014-10-31,GA-UQ,0.00013031367117122023,0.33780007901631637,0.00016890003950815818,34,sample,5,137
2014-11-30,1/N,0.063650783653043,0.034251058294872724,1.7125529147436364e-05,34,sample,5,137
2014-11-30,GA-UQ,0.06153018124921634,0.7471753847828214,0.00037358769239141074,34,sample,5,137
2014-12-31,1/N,-0.0017107609679175727,0.03949431902512821,1.9747159512564106e-05,34,sample,5,137
2014-12-31,GA-UQ,-0.004445200102873584,0.2622260889689886,0.0001311130444844943,34,sample,5,137
2015-01-31,1/N,0.09289358148974997,0.0423606177996857,2.1180308899842853e-05,34,sample,5,137
2015-01-31,GA-UQ,0.17453751151414282,0.5543919130242453,0.00027719595651212265,34,sample,5,137
2015-02-28,1/N,0.07909166714928242,0.033925301457639986,1.6962650728819995e-05,34,sample,5,137
2015-02-28,GA-UQ,0.06394877029679731,0.3747656491689687,0.00018738282458448437,34,sample,5,137
2015-03-31,1/N,0.017059131486094517,0.04473708429226171,2.2368542146130855e-05,34,sample,5,137
2015-03-31,GA-UQ,0.037456131511020195,0.1795286529264928,8.976432646324641e-05,34,sample,5,137
2015-04-30,1/N,0.008084749990696069,0.043087333035526976,2.1543666517763487e-05,34,sample,5,137
2015-04-30,GA-UQ,0.03749462921947589,0.537448129867692,0.000268724064933846,34,sample,5,137
2015-05-31,1/N,0.005448140988387073,0.03126141536968989,1.5630707684844947e-05,34,sample,5,137
2015-05-31,GA-UQ,0.011128240504809693,0.16118829189393527,8.059414594696764e-05,34,sample,5,137
2015-06-30,1/N,-0.052578722137324514,0.043054063921733055,2.152703196086653e-05,34,sample,5,137
2015-06-30,GA-UQ,-0.030935973279016347,0.5026720448636701,0.00025133602243183504,34,sample,5,137
2015-07-31,1/N,0.0376293927162057,0.030700668074160668,1.5350334037080335e-05,34,sample,5,137
2015-07-31,GA-UQ,-0.043562497214485574,0.7171125803976722,0.0003585562901988361,34,sample,5,137
2015-08-31,1/N,-0.07640971971059948,0.025189814871573585,1.2594907435786792e-05,34,sample,5,137
2015-08-31,GA-UQ,-0.07912993750026912,0.3894041919698761,0.00019470209598493804,34,sample,5,137
2015-09-30,1/N,-0.035265838228713216,0.04853609164676141,2.4268045823380706e-05,34,sample,5,137
2015-09-30,GA-UQ,0.021562602973563185,1.1387578014225663,0.0005693789007112832,34,sample,5,137
2015-10-31,1/N,0.10174673130306881,0.04006635297264605,2.0033176486323022e-05,34,sample,5,137
2015-10-31,GA-UQ,0.051082807893315346,0.603587165610168,0.000301793582805084,34,sample,5,137
2015-11-30,1/N,0.018540180633382038,0.053204687999298825,2.6602343999649415e-05,34,sample,5,137
2015-11-30,GA-UQ,0.03140658170588304,0.8668168596360541,0.00043340842981802707,34,sample,5,137
2015-12-31,1/N,-0.04800653250193947,0.04537019162641391,2.2685095813206955e-05,34,sample,5,137
2015-12-31,GA-UQ,-0.023595401560197186,0.5878176389376238,0.00029390881946881193,34,sample,5,137
2016-01-31,1/N,-0.04519140775634586,0.03926780868926079,1.9633904344630394e-05,34,sample,5,137
2016-01-31,GA-UQ,-0.06549644285486256,0.23539749576854138,0.00011769874788427069,34,sample,5,137
2016-02-29,1/N,-0.02129099400518094,0.04310971919870313,2.1554859599351566e-05,34,sample,5,137
2016-02-29,GA-UQ,0.014666409866310563,0.3548975266018613,0.00017744876330093065,34,sample,5,137
2016-03-31,1/N,0.038193888458222504,0.05380493630699499,2.6902468153497496e-05,34,sample,5,137
2016-03-31,GA-UQ,0.05874057435877425,0.2511910029833867,0.00012559550149169335,34,sample,5,137
2016-04-30,1/N,0.010900509364278277,0.05236157715471238,2.6180788577356192e-05,34,sample,5,137
2016-04-30,GA-UQ,-0.01685956041875286,0.35547861785902,0.00017773930892951,34,sample,5,137
2016-05-31,1/N,0.01476278279294594,0.06052869860781656,3.026434930390828e-05,34,sample,5,137
2016-05-31,GA-UQ,0.02353646077346604,0.47355625519648903,0.0002367781275982445,34,sample,5,137
2016-06-30,1/N,-0.06938673058200101,0.046647570971141764,2.332378548557088e-05,34,sample,5,137
2016-06-30,GA-UQ,-0.06335312211372833,0.33775342254509083,0.0001688767112725454,34,sample,5,137
2016-07-31,1/N,0.08210075950197572,0.030145048543463115,1.5072524271731558e-05,34,sample,5,137
2016-07-31,GA-UQ,0.07760329785667812,0.4176583396413309,0.00020882916982066545,34,sample,5,137
2016-08-31,1/N,0.001511537436442941,0.05150227121960636,2.5751135609803183e-05,34,sample,5,137
2016-08-31,GA-UQ,-0.0239498952827342,0.6331118897086098,0.00031655594485430487,34,sample,5,137
2016-09-30,1/N,0.01671692914593358,0.06299568600188715,3.1497843000943574e-05,34,sample,5,137
2016-09-30,GA-UQ,0.05693552275925552,0.24153650384266137,0.00012076825192133069,34,sample,5,137
2016-10-31,1/N,0.01858998913993437,0.028600578842086482,1.4300289421043242e-05,34,sample,5,137
2016-10-31,GA-UQ,0.009087484967140524,0.26401542144392914,0.00013200771072196458,34,sample,5,137
2016-11-30,1/N,0.006046040579397007,0.02634721313171943,1.3173606565859715e-05,34,sample,5,137
2016-11-30,GA-UQ,0.04568473573390133,0.13228308297000665,6.614154148500332e-05,34,sample,5,137
2016-12-31,1/N,0.05904017466614561,0.05237474975601748,2.618737487800874e-05,34,sample,5,137
2016-12-31,GA-UQ,0.011761165647425903,0.16749089890790514,8.374544945395258e-05,34,sample,5,137
2017-01-31,1/N,-0.00212058200624292,0.04175642900369409,2.0878214501847046e-05,34,sample,5,137
2017-01-31,GA-UQ,-0.039974038717105226,0.18637560888755858,9.318780444377929e-05,34,sample,5,137
2017-02-28,1/N,0.03242855776130989,0.029233063710011647,1.4616531855005824e-05,34,sample,5,137
2017-02-28,GA-UQ,0.05565788246746656,0.2579648303619872,0.0001289824151809936,34,sample,5,137
2017-03-31,1/N,0.04878591547088325,0.043680917985018636,2.1840458992509318e-05,34,sample,5,137
2017-03-31,GA-UQ,0.007705904717166048,0.7857004042838318,0.0003928502021419159,34,sample,5,137
2017-04-30,1/N,0.03061794028309817,0.03901951052911109,1.9509755264555546e-05,34,sample,5,137
2017-04-30,GA-UQ,0.03987542108524004,0.7133631850595753,0.0003566815925297877,34,sample,5,137
2017-05-31,1/N,0.010204445946944122,0.03350754369429355,1.6753771847146774e-05,34,sample,5,137
2017-05-31,GA-UQ,0.014089974152259268,0.2899896620539265,0.00014499483102696327,34,sample,5,137
2017-06-30,1/N,-0.030968766909370275,0.030733767253435115,1.5366883626717557e-05,34,sample,5,137
2017-06-30,GA-UQ,-0.054297714149124765,0.6869569657036386,0.0003434784828518193,34,sample,5,137
2017-07-31,1/N,0.0032772800585908913,0.03341066295184651,1.6705331475923255e-05,34,sample,5,137
2017-07-31,GA-UQ,0.0005835010994731539,0.4542488501047402,0.0002271244250523701,34,sample,5,137
2017-08-31,1/N,-0.007986119982949133,0.028624427482327384,1.4312213741163692e-05,34,sample,5,137
2017-08-31,GA-UQ,-0.0033922701452988417,0.1451785813072727,7.258929065363635e-05,34,sample,5,137
2017-09-30,1/N,0.0627101171293467,0.03100770132530534,1.550385066265267e-05,34,sample,5,137
2017-09-30,GA-UQ,0.040109334495111795,0.6199320746299519,0.000309966037314976,34,sample,5,137
2017-10-31,1/N,0.03304333133595684,0.02910626510748089,1.4553132553740446e-05,34,sample,5,137
2017-10-31,GA-UQ,-0.01147620841443311,0.13302418551548587,6.651209275774294e-05,34,sample,5,137
2017-11-30,1/N,-0.009850647341494554,0.041460806526637375,2.073040326331869e-05,34,sample,5,137
2017-11-30,GA-UQ,-0.05264444885769009,0.2505387194500273,0.00012526935972501365,34,sample,5,137
2017-12-31,1/N,0.0014827102798276766,0.044267059351315946,2.2133529675657972e-05,34,sample,5,137
2017-12-31,GA-UQ,0.011830633213846775,0.3477597417447908,0.0001738798708723954,34,sample,5,137
2018-01-31,1/N,0.03018332482808338,0.03007296121487464,1.5036480607437321e-05,34,sample,5,137
2018-01-31,GA-UQ,0.0327201200161357,0.16205826590993874,8.102913295496937e-05,34,sample,5,137
2018-02-28,1/N,-0.0245277538688343,0.022301648475014483,1.1150824237507241e-05,34,sample,5,137
2018-02-28,GA-UQ,-0.018344902365661594,0.5115751796036815,0.00025578758980184077,34,sample,5,137
2018-03-31,1/N,-0.023621182032306478,0.03112556625981391,1.5562783129906956e-05,34,sample,5,137
2018-03-31,GA-UQ,0.017948983842748945,0.20367688056671843,0.00010183844028335922,34,sample,5,137
2018-04-30,1/N,0.053291297308396275,0.03924881447571682,1.962440723785841e-05,34,sample,5,137
2018-04-30,GA-UQ,0.07284647400481342,0.5061288011417662,0.0002530644005708831,34,sample,5,137
2018-05-31,1/N,-0.004050928339559977,0.04525015956823134,2.2625079784115672e-05,34,sample,5,137
2018-05-31,GA-UQ,0.07586047957696966,0.13879965497501495,6.939982748750747e-05,34,sample,5,137
2018-06-30,1/N,-0.034936508814045725,0.045314389808701075,2.265719490435054e-05,34,sample,5,137
2018-06-30,GA-UQ,-0.011327065561328412,0.4705578145303713,0.00023527890726518567,34,sample,5,137
2018-07-31,1/N,0.021090269529447727,0.05016834406796027,2.5084172033980136e-05,34,sample,5,137
2018-07-31,GA-UQ,-0.029680384934801636,0.5167094854793807,0.00025835474273969036,34,sample,5,137
2018-08-31,1/N,-0.019776024968859912,0.04445255229071905,2.2226276145359526e-05,34,sample,5,137
2018-08-31,GA-UQ,0.038842112170005,0.30022202776438833,0.00015011101388219417,34,sample,5,137
2018-09-30,1/N,0.014093798224920278,0.03987848728158791,1.9939243640793955e-05,34,sample,5,137
2018-09-30,GA-UQ,-0.036665047140068116,0.3702972228637336,0.0001851486114318668,34,sample,5,137
2018-10-31,1/N,-0.08048606954203245,0.03976929671284475,1.9884648356422374e-05,34,sample,5,137
2018-10-31,GA-UQ,-0.14420138650508613,0.6688711515023174,0.00033443557575115867,34,sample,5,137
2018-11-30,1/N,-0.02244033509489391,0.039303109326747236,1.965155466337362e-05,34,sample,5,137
2018-11-30,GA-UQ,-0.03517525798541278,0.3266270049452114,0.0001633135024726057,34,sample,5,137
2018-12-31,1/N,-0.056176690529113796,0.06319519549107713,3.159759774553857e-05,34,sample,5,137
2018-12-31,GA-UQ,-0.004064823081670621,1.0112210491656723,0.0005056105245828361,34,sample,5,137
2019-01-31,1/N,0.060475011481429745,0.04436365839276552,2.218182919638276e-05,34,sample,5,137
2019-01-31,GA-UQ,0.04592528688849465,0.6704904260734256,0.0003352452130367128,34,sample,5,137
2019-02-28,1/N,0.0528569429994473,0.04185302600857702,2.092651300428851e-05,34,sample,5,137
2019-02-28,GA-UQ,0.07770481853583362,0.4600448484954599,0.00023002242424772997,34,sample,5,137
2019-03-31,1/N,-0.008558340311836122,0.044280447891985444,2.2140223945992723e-05,34,sample,5,137
2019-03-31,GA-UQ,0.03146703559400064,0.14002398584900638,7.001199292450319e-05,34,sample,5,137
2019-04-30,1/N,0.06022057222717473,0.04095278800181208,2.047639400090604e-05,34,sample,5,137
2019-04-30,GA-UQ,0.05785010501632708,0.28267335667942944,0.00014133667833971474,34,sample,5,137
2019-05-31,1/N,-0.08303092422507134,0.046167133306180885,2.3083566653090443e-05,34,sample,5,137
2019-05-31,GA-UQ,-0.1101973440932305,0.5563027770338589,0.00027815138851692943,34,sample,5,137
2019-06-30,1/N,0.06366802516365709,0.04659796131748832,2.329898065874416e-05,34,sample,5,137
2019-06-30,GA-UQ,0.10793045781148256,0.09240817254977625,4.6204086274888126e-05,34,sample,5,137
2019-07-31,1/N,-0.005217995022638804,0.06190034192679518,3.0950170963397593e-05,34,sample,5,137
2019-07-31,GA-UQ,-0.08035275902521369,0.4575606472844064,0.0002287803236422032,34,sample,5,137
2019-08-31,1/N,-0.014074720407022285,0.05015595053101032,2.507797526550516e-05,34,sample,5,137
2019-08-31,GA-UQ,-0.04895816543953885,0.06147747629609621,3.0738738148048106e-05,34,sample,5,137
2019-09-30,1/N,0.041337335138576965,0.042265672747184374,2.1132836373592186e-05,34,sample,5,137
2019-09-30,GA-UQ,0.02859459389453869,0.7288017302799062,0.00036440086513995313,34,sample,5,137
2019-10-31,1/N,0.0066927500438224395,0.05199216139820975,2.5996080699104876e-05,34,sample,5,137
2019-10-31,GA-UQ,0.04019872907531234,0.930593196782838,0.000465296598391419,34,sample,5,137
2019-11-30,1/N,0.027835231981431438,0.0475714784618262,2.3785739230913103e-05,34,sample,5,137
2019-11-30,GA-UQ,0.05950743040329626,0.42232051974818013,0.00021116025987409008,34,sample,5,137
2019-12-31,1/N,0.003194268716231269,0.048269954412304666,2.4134977206152334e-05,34,sample,5,137
2019-12-31,GA-UQ,-0.010246072595399386,0.34835614037102847,0.00017417807018551423,34,sample,5,137
2020-01-31,1/N,-0.03334202742345169,0.04160973237707055,2.0804866188535275e-05,34,sample,5,137
2020-01-31,GA-UQ,0.006049623911049075,0.5577727673485514,0.0002788863836742757,34,sample,5,137
2020-02-29,1/N,-0.08259046931248121,0.03388832052769217,1.6944160263846084e-05,34,sample,5,137
2020-02-29,GA-UQ,-0.0965314285089424,0.7587057880332105,0.0003793528940166053,34,sample,5,137
2020-03-31,1/N,-0.18041204037710845,0.05829179179301168,2.914589589650584e-05,34,sample,5,137
2020-03-31,GA-UQ,-0.19494314263529874,0.6409548467784426,0.0003204774233892213,34,sample,5,137
2020-04-30,1/N,0.060402675039963966,0.039250696448870824,1.962534822443541e-05,34,sample,5,137
2020-04-30,GA-UQ,-0.01736815854609703,0.8248077787428755,0.00041240388937143776,34,sample,5,137
2020-05-31,1/N,0.022024601502372964,0.1209852506222839,6.049262531114195e-05,34,sample,5,137
2020-05-31,GA-UQ,0.0522200345892036,0.6099392152532005,0.0003049696076266003,34,sample,5,137
2020-06-30,1/N,0.0475826779438512,0.06951065049062437,3.4755325245312184e-05,34,sample,5,137
2020-06-30,GA-UQ,0.05672695610198061,0.8093765835980469,0.0004046882917990234,34,sample,5,137
2020-07-31,1/N,-0.03663779616912361,0.047860987811861114,2.3930493905930558e-05,34,sample,5,137
2020-07-31,GA-UQ,-0.0030279545407613474,0.5114105586788988,0.0002557052793394494,34,sample,5,137
2020-08-31,1/N,0.05892292145467253,0.04445298347870059,2.2226491739350296e-05,34,sample,5,137
2020-08-31,GA-UQ,0.002468267610723244,0.35456059863619876,0.0001772802993180994,34,sample,5,137
2020-09-30,1/N,-0.016562366521532035,0.05357286902843758,2.6786434514218792e-05,34,sample,5,137
2020-09-30,GA-UQ,-0.002003821457272677,0.5241958700579525,0.00026209793502897626,34,sample,5,137
2020-10-31,1/N,-0.04640523013278057,0.05374824957973512,2.687412478986756e-05,34,sample,5,137
2020-10-31,GA-UQ,-0.0540459207156614,0.18255160224703165,9.127580112351583e-05,34,sample,5,137
2020-11-30,1/N,0.22153461618949902,0.05923291075936792,2.9616455379683962e-05,34,sample,5,137
2020-11-30,GA-UQ,0.08454708643258498,0.5003674303903929,0.00025018371519519643,34,sample,5,137
2020-12-31,1/N,0.015271352010774336,0.05648871024922441,2.8244355124612204e-05,34,sample,5,137
2020-12-31,GA-UQ,0.03563558651733118,0.3094842438677085,0.00015474212193385427,34,sample,5,137
2021-01-31,1/N,-0.02036786857741727,0.08854210344518958,4.427105172259479e-05,34,sample,5,137
2021-01-31,GA-UQ,-0.04203117149327068,0.3670934253135884,0.0001835467126567942,34,sample,5,137
2021-02-28,1/N,0.055352864782224,0.04288596297114022,2.144298148557011e-05,34,sample,5,137
2021-02-28,GA-UQ,0.04663191251272805,0.11317471342357847,5.6587356711789236e-05,34,sample,5,137
2021-03-31,1/N,0.05764207089775881,0.046267065701626,2.3133532850813003e-05,34,sample,5,137
2021-03-31,GA-UQ,0.0749927862265683,0.011825600964547208,5.9128004822736046e-06,34,sample,5,137
2021-04-30,1/N,0.013078938429153877,0.058899408733204296,2.944970436660215e-05,34,sample,5,137
2021-04-30,GA-UQ,0.07310498975021475,0.4602567314898277,0.00023012836574491386,34,sample,5,137
2021-05-31,1/N,0.01010305598865738,0.043030868879357,2.15154344396785e-05,34,sample,5,137
2021-05-31,GA-UQ,0.05713513622066438,0.14643140700427407,7.321570350213703e-05,34,sample,5,137
2021-06-30,1/N,-0.0070223319313034455,0.04193210317322081,2.0966051586610406e-05,34,sample,5,137
2021-06-30,GA-UQ,0.022553573667170652,0.15511175211432446,7.755587605716224e-05,34,sample,5,137
2021-07-31,1/N,-0.0008264970504194774,0.0335544175871003,1.677720879355015e-05,34,sample,5,137
2021-07-31,GA-UQ,0.014146768644762598,0.9921035541618509,0.0004960517770809255,34,sample,5,137
2021-08-31,1/N,0.022479818229307565,0.03834476015496585,1.9172380077482927e-05,34,sample,5,137
2021-08-31,GA-UQ,-0.03843106026093928,0.6565094356299307,0.00032825471781496534,34,sample,5,137
2021-09-30,1/N,-0.008357149151746844,0.05996547157422458,2.998273578711229e-05,34,sample,5,137
2021-09-30,GA-UQ,-0.05183330334067079,0.30820099171203486,0.00015410049585601744,34,sample,5,137
2021-10-31,1/N,0.02942058263450965,0.039890162555246945,1.9945081277623473e-05,34,sample,5,137
2021-10-31,GA-UQ,0.10042427847202129,0.6306391185526091,0.00031531955927630457,34,sample,5,137
2021-11-30,1/N,-0.0434043034872602,0.04556859971467125,2.2784299857335624e-05,34,sample,5,137
2021-11-30,GA-UQ,0.018785662022695583,0.6328549098027981,0.0003164274549013991,34,sample,5,137
2021-12-31,1/N,0.06232305632420735,0.04019589687794894,2.009794843897447e-05,34,sample,5,137
2021-12-31,GA-UQ,0.027885875030925805,0.749608188244487,0.00037480409412224354,34,sample,5,137
2022-01-31,1/N,-0.018259782020512455,0.059127033265837195,2.95635166329186e-05,34,sample,5,137
2022-01-31,GA-UQ,-0.06987635012722793,0.8260320183017529,0.00041301600915087644,34,sample,5,137
2022-02-28,1/N,-0.041980200856608405,0.033385107858898415,1.6692553929449207e-05,34,sample,5,137
2022-02-28,GA-UQ,-0.08177332676075977,0.7155385176191644,0.00035776925880958224,34,sample,5,137
2022-03-31,1/N,-0.016924445133313485,0.06724548131273864,3.3622740656369316e-05,34,sample,5,137
2022-03-31,GA-UQ,0.00405857665545516,0.06500475998457658,3.2502379992288295e-05,34,sample,5,137
2022-04-30,1/N,-0.009209355871251606,0.07628051760483137,3.8140258802415686e-05,34,sample,5,137
2022-04-30,GA-UQ,-0.0623555008842504,0.18156748748051169,9.078374374025584e-05,34,sample,5,137
2022-05-31,1/N,0.0072773957945827875,0.06700653005573962,3.350326502786981e-05,34,sample,5,137
2022-05-31,GA-UQ,-0.003083878409292673,0.47453589478797825,0.00023726794739398912,34,sample,5,137
2022-06-30,1/N,-0.12318655216628051,0.04419623334350431,2.2098116671752155e-05,34,sample,5,137
2022-06-30,GA-UQ,-0.14735015938923338,0.9199360997102597,0.00045996804985512984,34,sample,5,137
2022-07-31,1/N,0.0634512574555844,0.06591611502623283,3.295805751311642e-05,34,sample,5,137
2022-07-31,GA-UQ,0.10566511606236775,0.3132504547616273,0.00015662522738081364,34,sample,5,137
2022-08-31,1/N,-0.04615105852661342,0.09241658167755391,4.620829083877696e-05,34,sample,5,137
2022-08-31,GA-UQ,-0.03791407545319499,1.139871427050842,0.0005699357135254211,34,sample,5,137
2022-09-30,1/N,-0.08658648773400497,0.06769784340346283,3.3848921701731416e-05,34,sample,5,137
2022-09-30,GA-UQ,-0.060815445829392356,0.298976473010035,0.0001494882365050175,34,sample,5,137
2022-10-31,1/N,0.0929534285671524,0.049514298640459295,2.4757149320229647e-05,34,sample,5,137
2022-10-31,GA-UQ,0.035664684969921236,0.32821310090684486,0.00016410655045342244,34,sample,5,137
2022-11-30,1/N,0.06931510805256016,0.051092292406097396,2.55461462030487e-05,34,sample,5,137
2022-11-30,GA-UQ,0.09681917459717165,0.43399723755669395,0.000216998618778347,34,sample,5,137
2022-12-31,1/N,-0.04492037252026988,0.061682959862532874,3.084147993126644e-05,34,sample,5,137
2022-12-31,GA-UQ,-0.04732090084575794,0.2435231503309913,0.00012176157516549566,34,sample,5,137
2023-01-31,1/N,0.12294850851824096,0.04378621716240066,2.1893108581200328e-05,34,sample,5,137
2023-01-31,GA-UQ,0.12924491021882967,0.22725186949544643,0.00011362593474772322,34,sample,5,137
2023-02-28,1/N,0.04208163001724015,0.03445583208133337,1.7227916040666684e-05,34,sample,5,137
2023-02-28,GA-UQ,-0.000300917257701521,0.38005468095512646,0.00019002734047756322,34,sample,5,137
2023-03-31,1/N,-0.027140882358921082,0.06377013440862914,3.1885067204314566e-05,34,sample,5,137
2023-03-31,GA-UQ,0.03598256857031719,0.44568474315962237,0.0002228423715798112,34,sample,5,137
2023-04-30,1/N,0.019456715420439093,0.04089326466284112,2.0446632331420563e-05,34,sample,5,137
2023-04-30,GA-UQ,0.032530937946780455,0.3677110465182136,0.00018385552325910683,34,sample,5,137
2023-05-31,1/N,-0.04967026255908435,0.059365229914925266,2.9682614957462633e-05,34,sample,5,137
2023-05-31,GA-UQ,-0.08158110315387974,0.6402246637988053,0.00032011233189940266,34,sample,5,137
2023-06-30,1/N,0.035173633381758315,0.05506404654227452,2.7532023271137262e-05,34,sample,5,137
2023-06-30,GA-UQ,0.04959265258668143,0.41038532559649593,0.00020519266279824796,34,sample,5,137
2023-07-31,1/N,-0.0007921957346759587,0.05687517310185096,2.843758655092548e-05,34,sample,5,137
2023-07-31,GA-UQ,-0.009524078668119095,0.54634016445788,0.00027317008222894,34,sample,5,137
2023-08-31,1/N,-0.028929309088871813,0.04538728496558025,2.2693642482790125e-05,34,sample,5,137
2023-08-31,GA-UQ,-0.037168765549842615,0.15052654149968384,7.526327074984191e-05,34,sample,5,137
2023-09-30,1/N,-0.047857949750732494,0.05533166996390573,2.7665834981952866e-05,34,sample,5,137
2023-09-30,GA-UQ,-0.03881633544764794,0.21621443826326012,0.00010810721913163006,34,sample,5,137
2023-10-31,1/N,-0.05317855709462137,0.0478082680031198,2.39041340015599e-05,34,sample,5,137
2023-10-31,GA-UQ,-0.008401472496247042,0.16079794015167945,8.039897007583972e-05,34,sample,5,137
2023-11-30,1/N,0.041418464981342516,0.062181886656954566,3.1090943328477285e-05,34,sample,5,137
2023-11-30,GA-UQ,0.054212156512811485,0.8962415978025727,0.00044812079890128636,34,sample,5,137
2023-12-31,1/N,0.042901763269618885,0.0897460696535897,4.4873034826794845e-05,34,sample,5,137
2023-12-31,GA-UQ,0.016949541357164807,0.9144806070935085,0.0004572403035467543,34,sample,5,137
2024-01-31,1/N,-0.01817128052683265,0.05841631268598401,2.9208156342992005e-05,34,sample,5,137
2024-01-31,GA-UQ,0.04065559441156153,0.15880022040981248,7.940011020490624e-05,34,sample,5,137
2024-02-29,1/N,-0.001153899970516185,0.04502633983550035,2.2513169917750175e-05,34,sample,5,137
2024-02-29,GA-UQ,0.012006073630234544,0.2831184487054098,0.0001415592243527049,34,sample,5,137
2024-03-31,1/N,0.006155499315198493,0.06893772644607146,3.446886322303573e-05,34,sample,5,137
2024-03-31,GA-UQ,0.07120374954676385,0.36328146496887687,0.00018164073248443845,34,sample,5,137
2024-04-30,1/N,-0.029172262110344776,0.08172044857221673,4.086022428610837e-05,34,sample,5,137
2024-04-30,GA-UQ,0.027127674668780122,0.06933394808780938,3.4666974043904687e-05,34,sample,5,137
2024-05-31,1/N,0.022743123304148044,0.08836972085604339,4.4184860428021694e-05,34,sample,5,137
2024-05-31,GA-UQ,0.0036757602139650867,0.33381241900444975,0.00016690620950222487,34,sample,5,137
2024-06-30,1/N,-0.0869523125704318,0.051213140713395326,2.5606570356697664e-05,34,sample,5,137
2024-06-30,GA-UQ,-0.06910367303375069,0.21838690431836455,0.00010919345215918227,34,sample,5,137
2024-07-31,1/N,0.006597055556053552,0.0549160389078024,2.74580194539012e-05,34,sample,5,137
2024-07-31,GA-UQ,-0.02318897405561714,0.27813582310880774,0.0001390679115544039,34,sample,5,137
2024-08-31,1/N,-0.005449541662060162,0.06251650843147728,3.125825421573864e-05,34,sample,5,137
2024-08-31,GA-UQ,0.016733066275081587,0.2761392489213325,0.00013806962446066625,34,sample,5,137
2024-09-30,1/N,-0.003930818050589092,0.05319429044498679,2.6597145222493396e-05,34,sample,5,137
2024-09-30,GA-UQ,-0.02930470645455598,0.36485489584740793,0.00018242744792370397,34,sample,5,137
2024-10-31,1/N,-0.016355324185336508,0.03762781111429066,1.881390555714533e-05,34,sample,5,137
2024-10-31,GA-UQ,0.02613625025698943,0.1204950416250971,6.024752081254855e-05,34,sample,5,137
2003-03-31,1/N,-0.07024699871208541,0.0,0.0,34,sample,10,137
2003-03-31,GA-UQ,0.039152418582158184,0.0,0.0,34,sample,10,137
2003-04-30,1/N,0.1749778054369421,0.06792824299288255,6.792824299288256e-05,34,sample,10,137
2003-04-30,GA-UQ,0.052701935851732225,0.35871217190092025,0.0003587121719009203,34,sample,10,137
2003-05-31,1/N,0.053487537194904095,0.08873135705686638,8.873135705686639e-05,34,sample,10,137
2003-05-31,GA-UQ,0.050250182861140746,0.16506553161201892,0.00016506553161201894,34,sample,10,137
2003-06-30,1/N,0.032091734219132695,0.06769661655422204,6.769661655422205e-05,34,sample,10,137
2003-06-30,GA-UQ,-0.056048556138751725,0.11570742759006385,0.00011570742759006384,34,sample,10,137
2003-07-31,1/N,0.05294030080981547,0.08525571311648739,8.525571311648739e-05,34,sample,10,137
2003-07-31,GA-UQ,-0.0026413877524134087,0.1638974755776467,0.0001638974755776467,34,sample,10,137
2003-08-31,1/N,0.03909039694121792,0.056562389875960975,5.6562389875960975e-05,34,sample,10,137
2003-08-31,GA-UQ,0.0031098295166463565,0.2639754301631547,0.0002639754301631547,34,sample,10,137
2003-09-30,1/N,-0.035704937328371475,0.05390435338488627,5.390435338488627e-05,34,sample,10,137
2003-09-30,GA-UQ,0.004549885832386976,0.556603892065324,0.000556603892065324,34,sample,10,137
2003-10-31,1/N,0.08766990596215889,0.057321731400811364,5.7321731400811364e-05,34,sample,10,137
2003-10-31,GA-UQ,0.03168617553693599,0.44398803058805847,0.0004439880305880585,34,sample,10,137
2003-11-30,1/N,0.014134884663428073,0.06919936247436151,6.91993624743615e-05,34,sample,10,137
2003-11-30,GA-UQ,0.056082085840679675,0.08423722869715991,8.423722869715991e-05,34,sample,10,137
2003-12-31,1/N,-0.001180742344094532,0.048614103445944024,4.861410344594402e-05,34,sample,10,137
2003-12-31,GA-UQ,-0.020404653283371064,0.623552048813832,0.000623552048813832,34,sample,10,137
2004-01-31,1/N,0.04798460227342057,0.04389192378110868,4.389192378110868e-05,34,sample,10,137
2004-01-31,GA-UQ,-0.003998390648613988,0.5493682444269273,0.0005493682444269273,34,sample,10,137
2004-02-29,1/N,0.037650926997420446,0.05671334945058758,5.671334945058758e-05,34,sample,10,137
2004-02-29,GA-UQ,0.08096933718457656,0.8374194350632946,0.0008374194350632947,34,sample,10,137
2004-03-31,1/N,-0.020341163178956217,0.06676589858758236,6.676589858758237e-05,34,sample,10,137
2004-03-31,GA-UQ,0.04651460310977797,0.25624589030439343,0.0002562458903043934,34,sample,10,137
2004-04-30,1/N,0.00847429381178863,0.04841538435509293,4.8415384355092936e-05,34,sample,10,137
2004-04-30,GA-UQ,0.03466101851153842,0.4490345919874951,0.0004490345919874951,34,sample,10,137
2004-05-31,1/N,-0.011446302981822497,0.04949718199300593,4.949718199300593e-05,34,sample,10,137
2004-05-31,GA-UQ,0.04318136612053093,0.48652237404487664,0.00048652237404487664,34,sample,10,137
2004-06-30,1/N,0.030629650345350666,0.040543483716571724,4.054348371657172e-05,34,sample,10,137
2004-06-30,GA-UQ,0.033444176364462085,0.20001714174396462,0.00020001714174396463,34,sample,10,137
2004-07-31,1/N,-0.03755622509169537,0.043543048859607345,4.3543048859607345e-05,34,sample,10,137
2004-07-31,GA-UQ,-0.02109139725560815,0.9227932409591024,0.0009227932409591025,34,sample,10,137
2004-08-31,1/N,-0.0214671462992293,0.0335720003829896,3.35720003829896e-05,34,sample,10,137
2004-08-31,GA-UQ,0.026490970077235734,0.868674675844658,0.000868674675844658,34,sample,10,137
2004-09-30,1/N,-0.00039828368574356917,0.05653213242125431,5.653213242125431e-05,34,sample,10,137
2004-09-30,GA-UQ,0.038988767702920146,0.180061682583413,0.00018006168258341302,34,sample,10,137
2004-10-31,1/N,0.025195996084718716,0.04722034753127935,4.7220347531279354e-05,34,sample,10,137
2004-10-31,GA-UQ,0.0630211207922293,0.5601031941130429,0.0005601031941130429,34,sample,10,137
2004-11-30,1/N,0.03489010205421919,0.04070443627211974,4.0704436272119744e-05,34,sample,10,137
2004-11-30,GA-UQ,0.037859526024184915,0.6188500728490129,0.000618850072849013,34,sample,10,137
2004-12-31,1/N,0.018630914118644905,0.04284357224463524,4.284357224463524e-05,34,sample,10,137
2004-12-31,GA-UQ,-0.0026816711933448792,0.4588878481427761,0.0004588878481427761,34,sample,10,137
2005-01-31,1/N,0.024035877300575152,0.03830681359388601,3.830681359388601e-05,34,sample,10,137
2005-01-31,GA-UQ,0.04746123465394592,0.9633442309003825,0.0009633442309003825,34,sample,10,137
2005-02-28,1/N,0.03797045187828555,0.042643157470357004,4.2643157470357004e-05,34,sample,10,137
2005-02-28,GA-UQ,0.06921516830868879,1.0707595209199716,0.0010707595209199716,34,sample,10,137
2005-03-31,1/N,-0.014334228872535012,0.04993126963490874,4.993126963490874e-05,34,sample,10,137
2005-03-31,GA-UQ,-0.08759662577733633,0.23896931252165546,0.00023896931252165545,34,sample,10,137
2005-04-30,1/N,-0.05921271231830645,0.049091254184006075,4.909125418400608e-05,34,sample,10,137
2005-04-30,GA-UQ,-0.1337350850945456,0.4060725634012992,0.00040607256340129924,34,sample,10,137
2005-05-31,1/N,0.05921174075567992,0.040503280674783634,4.0503280674783635e-05,34,sample,10,137
2005-05-31,GA-UQ,0.059297200775704884,0.4257163176014511,0.00042571631760145113,34,sample,10,137
2005-06-30,1/N,0.03825203886155673,0.04488339020816326,4.4883390208163264e-05,34,sample,10,137
2005-06-30,GA-UQ,0.06719759571319271,1.23909292596928,0.00123909292596928,34,sample,10,137
2005-07-31,1/N,0.05139730338805687,0.028074061745664555,2.8074061745664557e-05,34,sample,10,137
2005-07-31,GA-UQ,0.06815359614917989,0.0664371733954259,6.643717339542591e-05,34,sample,10,137
2005-08-31,1/N,-0.012124682347620137,0.03433638097910576,3.4336380979105764e-05,34,sample,10,137
2005-08-31,GA-UQ,0.01926614011931494,0.38440197449547453,0.00038440197449547453,34,sample,10,137
2005-09-30,1/N,0.05147069717847684,0.04002221383961395,4.002221383961395e-05,34,sample,10,137
2005-09-30,GA-UQ,0.03003080420551143,0.24077752724212856,0.00024077752724212855,34,sample,10,137
2005-10-31,1/N,-0.03843812242941109,0.0359745005543432,3.5974500554343205e-05,34,sample,10,137
2005-10-31,GA-UQ,-0.09927972601983728,0.30782275298359835,0.00030782275298359835,34,sample,10,137
2005-11-30,1/N,0.03441478885436563,0.039852827071629904,3.98528270716299e-05,34,sample,10,137
2005-11-30,GA-UQ,0.05219482669533142,0.36742007240313335,0.0003674200724031334,34,sample,10,137
2005-12-31,1/N,0.02174025813125597,0.03924949866206455,3.924949866206455e-05,34,sample,10,137
2005-12-31,GA-UQ,0.0005808458224327077,0.4394612329051167,0.0004394612329051167,34,sample,10,137
2006-01-31,1/N,0.04984751345681479,0.04258452437100112,4.258452437100112e-05,34,sample,10,137
2006-01-31,GA-UQ,0.15484745826488322,0.2753995134335224,0.00027539951343352243,34,sample,10,137
2006-02-28,1/N,0.015302480531308268,0.028036228136513908,2.803622813651391e-05,34,sample,10,137
2006-02-28,GA-UQ,-0.0031380481908836752,0.5051342091954227,0.0005051342091954228,34,sample,10,137
2006-03-31,1/N,0.034573202363285774,0.04788073210731128,4.788073210731128e-05,34,sample,10,137
2006-03-31,GA-UQ,0.07629056207720339,0.15514348426050878,0.00015514348426050878,34,sample,10,137
2006-04-30,1/N,-0.000467049497315455,0.04183020496397766,4.183020496397766e-05,34,sample,10,137
2006-04-30,GA-UQ,-0.04052285173497873,0.044860011780499635,4.486001178049964e-05,34,sample,10,137
2006-05-31,1/N,-0.06359088171259247,0.03773246825539111,3.773246825539111e-05,34,sample,10,137
2006-05-31,GA-UQ,-0.09605048433549766,0.4293027344850483,0.0004293027344850483,34,sample,10,137
2006-06-30,1/N,-0.0025097667207458693,0.03886893278079881,3.886893278079881e-05,34,sample,10,137
2006-06-30,GA-UQ,0.0275999190769147,0.41387158495000514,0.00041387158495000516,34,sample,10,137
2006-07-31,1/N,-0.01552200562549922,0.03313987908493561,3.313987908493561e-05,34,sample,10,137
2006-07-31,GA-UQ,0.022775635447156693,0.5921395266721187,0.0005921395266721187,34,sample,10,137
2006-08-31,1/N,0.0544688763503889,0.038839666177064414,3.883966617706441e-05,34,sample,10,137
2006-08-31,GA-UQ,0.03786029568597201,0.7676616989730589,0.0007676616989730589,34,sample,10,137
2006-09-30,1/N,0.01543413457623604,0.057490380988281374,5.7490380988281376e-05,34,sample,10,137
2006-09-30,GA-UQ,0.03424193431662671,0.484087487183532,0.00048408748718353203,34,sample,10,137
2006-10-31,1/N,0.026286419541550036,0.03194546713474139,3.194546713474139e-05,34,sample,10,137
2006-10-31,GA-UQ,0.06556867096340849,0.11469881816116814,0.00011469881816116815,34,sample,10,137
2006-11-30,1/N,0.005492984492071115,0.032986260072917266,3.298626007291727e-05,34,sample,10,137
2006-11-30,GA-UQ,0.01798218409631213,0.033540198736858456,3.354019873685846e-05,34,sample,10,137
2006-12-31,1/N,0.04019101694862834,0.03716206343136362,3.7162063431363624e-05,34,sample,10,137
2006-12-31,GA-UQ,0.021180545569546374,0.21318027459181732,0.00021318027459181732,34,sample,10,137
2007-01-31,1/N,0.02791115463091284,0.03929339316259329,3.9293393162593287e-05,34,sample,10,137
2007-01-31,GA-UQ,0.09395794232690763,0.1005327786309582,0.0001005327786309582,34,sample,10,137
2007-02-28,1/N,-0.00043625459278843554,0.03333555013180094,3.333555013180094e-05,34,sample,10,137
2007-02-28,GA-UQ,0.009227069628648341,0.2313868342866052,0.0002313868342866052,34,sample,10,137
2007-03-31,1/N,0.045289670987566415,0.04392801096210377,4.3928010962103767e-05,34,sample,10,137
2007-03-31,GA-UQ,0.08792701933658957,0.2229584649158178,0.0002229584649158178,34,sample,10,137
2007-04-30,1/N,0.040988785846429544,0.039313703737600895,3.9313703737600896e-05,34,sample,10,137
2007-04-30,GA-UQ,0.015110865110354494,0.038978415369457654,3.897841536945765e-05,34,sample,10,137
2007-05-31,1/N,0.0231121817602362,0.04573893249413805,4.573893249413805e-05,34,sample,10,137
2007-05-31,GA-UQ,0.026105881465175704,0.028045508448221713,2.8045508448221714e-05,34,sample,10,137
2007-06-30,1/N,0.0003545432591074716,0.03906390624084333,3.906390624084333e-05,34,sample,10,137
2007-06-30,GA-UQ,-0.02077260687464091,0.18980271989038452,0.00018980271989038454,34,sample,10,137
2007-07-31,1/N,-0.042529728739189386,0.039225612215776556,3.922561221577656e-05,34,sample,10,137
2007-07-31,GA-UQ,-0.007755962394485334,0.32563575371539755,0.00032563575371539756,34,sample,10,137
2007-08-31,1/N,-0.015289827713135763,0.03716924820202608,3.716924820202608e-05,34,sample,10,137
2007-08-31,GA-UQ,-0.0013248036862380554,0.33471024498880103,0.00033471024498880105,34,sample,10,137
2007-09-30,1/N,0.002529850311379478,0.03733544481341605,3.7335444813416055e-05,34,sample,10,137
2007-09-30,GA-UQ,0.07139276257386613,0.5879207802548349,0.0005879207802548348,34,sample,10,137
2007-10-31,1/N,0.025510952555279992,0.030063350863336703,3.0063350863336703e-05,34,sample,10,137
2007-10-31,GA-UQ,0.12182793175954737,0.29798337431889715,0.00029798337431889715,34,sample,10,137
2007-11-30,1/N,-0.06796619394865813,0.04612294414049171,4.612294414049171e-05,34,sample,10,137
2007-11-30,GA-UQ,-0.06402516974136367,0.2063399182634389,0.0002063399182634389,34,sample,10,137
2007-12-31,1/N,-0.022269148471178023,0.03878536745070024,3.878536745070024e-05,34,sample,10,137
2007-12-31,GA-UQ,-0.04907328079420932,0.20950185270249433,0.00020950185270249435,34,sample,10,137
2008-01-31,1/N,-0.12542839169365208,0.05820580748207088,5.820580748207088e-05,34,sample,10,137
2008-01-31,GA-UQ,-0.09681183338687681,0.5893170802905149,0.0005893170802905149,34,sample,10,137
2008-02-29,1/N,-4.312256104097156e-05,0.04767973794627639,4.7679737946276394e-05,34,sample,10,137
2008-02-29,GA-UQ,0.028995838875820412,0.11770574978271398,0.00011770574978271398,34,sample,10,137
2008-03-31,1/N,-0.011537999661659038,0.04988782262379364,4.988782262379364e-05,34,sample,10,137
2008-03-31,GA-UQ,-0.04015420253289522,0.2446840713527725,0.0002446840713527725,34,sample,10,137
2008-04-30,1/N,0.03900651920839096,0.0442295676576885,4.42295676576885e-05,34,sample,10,137
2008-04-30,GA-UQ,0.09990293238864285,0.04259910330958705,4.259910330958705e-05,34,sample,10,137
2008-05-31,1/N,0.015189201966462057,0.040233601173372074,4.0233601173372076e-05,34,sample,10,137
2008-05-31,GA-UQ,0.06855778164558524,0.24710766765612366,0.0002471076676561237,34,sample,10,137
2008-06-30,1/N,-0.1389971577352195,0.06306531001652317,6.306531001652317e-05,34,sample,10,137
2008-06-30,GA-UQ,-0.07673275805247502,0.4316749608657308,0.00043167496086573084,34,sample,10,137
2008-07-31,1/N,-0.005255354660171688,0.041085664500993276,4.1085664500993276e-05,34,sample,10,137
2008-07-31,GA-UQ,-0.031582783653641144,0.020671635369995098,2.0671635369995097e-05,34,sample,10,137
2008-08-31,1/N,0.049776199793154,0.06106766927294617,6.106766927294618e-05,34,sample,10,137
2008-08-31,GA-UQ,-0.04604377898338767,0.11851774816179003,0.00011851774816179004,34,sample,10,137
2008-09-30,1/N,-0.12090308374634087,0.05843368379842586,5.843368379842586e-05,34,sample,10,137
2008-09-30,GA-UQ,-0.2576812048111682,0.16637282030053652,0.0001663728203005365,34,sample,10,137
2008-10-31,1/N,-0.1835377735485151,0.05513449362289154,5.5134493622891536e-05,34,sample,10,137
2008-10-31,GA-UQ,-0.2904389385349978,0.12970587779877757,0.00012970587779877757,34,sample,10,137
2008-11-30,1/N,-0.05710896019763897,0.10250211149851839,0.00010250211149851839,34,sample,10,137
2008-11-30,GA-UQ,0.04135448190144967,0.7637308114382794,0.0007637308114382794,34,sample,10,137
2008-12-31,1/N,0.0050225946213859965,0.12944328794332627,0.00012944328794332627,34,sample,10,137
2008-12-31,GA-UQ,0.011689160668257467,1.0102722306346477,0.0010102722306346477,34,sample,10,137
2009-01-31,1/N,-0.0676236220892811,0.09494718954043077,9.494718954043078e-05,34,sample,10,137
2009-01-31,GA-UQ,-0.1082951442645127,0.3427120112434175,0.0003427120112434175,34,sample,10,137
2009-02-28,1/N,-0.08238494838905695,0.07537317251810541,7.53731725181054e-05,34,sample,10,137
2009-02-28,GA-UQ,-0.02575844610119786,0.5735700417252011,0.0005735700417252011,34,sample,10,137
2009-03-31,1/N,0.05055071041781309,0.08465370598058218,8.465370598058219e-05,34,sample,10,137
2009-03-31,GA-UQ,-0.01690316411388888,0.8653604710915126,0.0008653604710915126,34,sample,10,137
2009-04-30,1/N,0.1940117845956346,0.0933460043720558,9.33460043720558e-05,34,sample,10,137
2009-04-30,GA-UQ,0.020842399407102332,0.5051947006970028,0.0005051947006970028,34,sample,10,137
2009-05-31,1/N,0.016886546560810275,0.0810126483972366,8.10126483972366e-05,34,sample,10,137
2009-05-31,GA-UQ,0.009534917900553472,0.5965345689494167,0.0005965345689494167,34,sample,10,137
2009-06-30,1/N,-0.03075148439536663,0.0990401000054203,9.90401000054203e-05,34,sample,10,137
2009-06-30,GA-UQ,-0.03022555132399801,0.12319563691802671,0.00012319563691802672,34,sample,10,137
2009-07-31,1/N,0.14127954874362697,0.06713466789995146,6.713466789995146e-05,34,sample,10,137
2009-07-31,GA-UQ,0.04918830551197749,0.682762282833548,0.000682762282833548,34,sample,10,137
2009-08-31,1/N,0.06755656391191313,0.03529530827310717,3.5295308273107176e-05,34,sample,10,137
2009-08-31,GA-UQ,0.035743476135493335,0.13641177314008868,0.00013641177314008867,34,sample,10,137
2009-09-30,1/N,0.05619453595077513,0.06594315801903174,6.594315801903174e-05,34,sample,10,137
2009-09-30,GA-UQ,0.039164186285591804,0.40060349306334736,0.0004006034930633474,34,sample,10,137
2009-10-31,1/N,-0.05468387266467939,0.05766800375599267,5.7668003755992666e-05,34,sample,10,137
2009-10-31,GA-UQ,-0.050471336549042616,0.5468656340288517,0.0005468656340288517,34,sample,10,137
2009-11-30,1/N,0.014916770429816022,0.048734301557889416,4.8734301557889416e-05,34,sample,10,137
2009-11-30,GA-UQ,0.02166270219183661,0.6882583163003644,0.0006882583163003644,34,sample,10,137
2009-12-31,1/N,0.09021299514280331,0.049983664449873746,4.998366444987375e-05,34,sample,10,137
2009-12-31,GA-UQ,0.06685984519820708,0.5004332041905523,0.0005004332041905523,34,sample,10,137
2010-01-31,1/N,-0.022832062265405566,0.04198278632525372,4.198278632525372e-05,34,sample,10,137
2010-01-31,GA-UQ,-0.056510812145535765,0.39594366641877915,0.00039594366641877916,34,sample,10,137
2010-02-28,1/N,-0.012675430701311843,0.04099610829356766,4.099610829356766e-05,34,sample,10,137
2010-02-28,GA-UQ,0.03719132606521602,0.11132975889168414,0.00011132975889168414,34,sample,10,137
2010-03-31,1/N,0.08552991852258653,0.04222337327668398,4.222337327668398e-05,34,sample,10,137
2010-03-31,GA-UQ,0.03544869814371554,0.6045729507186232,0.0006045729507186231,34,sample,10,137
2010-04-30,1/N,-0.0008594341969323827,0.050085154954522475,5.008515495452248e-05,34,sample,10,137
2010-04-30,GA-UQ,0.017823908283619995,0.32860660741747927,0.0003286066074174793,34,sample,10,137
2010-05-31,1/N,-0.06977119711121046,0.03931574554074519,3.931574554074519e-05,34,sample,10,137
2010-05-31,GA-UQ,-0.0258932949011843,0.3018730297317608,0.0003018730297317608,34,sample,10,137
2010-06-30,1/N,-0.007645022456663744,0.036463647012806286,3.646364701280629e-05,34,sample,10,137
2010-06-30,GA-UQ,0.041261656310478984,0.3183964401954837,0.0003183964401954837,34,sample,10,137
2010-07-31,1/N,0.0460746523677281,0.05448718899224596,5.448718899224596e-05,34,sample,10,137
2010-07-31,GA-UQ,0.004084896521075892,0.3725733308306558,0.0003725733308306558,34,sample,10,137
2010-08-31,1/N,-0.04195476646077164,0.04305021700685233,4.305021700685234e-05,34,sample,10,137
2010-08-31,GA-UQ,-0.034686500954655704,0.26211159040242443,0.0002621115904024244,34,sample,10,137
2010-09-30,1/N,0.08225457282953019,0.05110254750444585,5.110254750444585e-05,34,sample,10,137
2010-09-30,GA-UQ,0.07931150956656191,0.471475261246464,0.00047147526124646403,34,sample,10,137
2010-10-31,1/N,0.038541801107405876,0.03804046501961532,3.804046501961532e-05,34,sample,10,137
2010-10-31,GA-UQ,0.006168269620844715,0.574639474763296,0.000574639474763296,34,sample,10,137
2010-11-30,1/N,-0.034695277586403006,0.05081895825153186,5.081895825153186e-05,34,sample,10,137
2010-11-30,GA-UQ,-0.008173083911897567,0.7913556796296293,0.0007913556796296293,34,sample,10,137
2010-12-31,1/N,0.07051043427379136,0.03668874065188342,3.668874065188342e-05,34,sample,10,137
2010-12-31,GA-UQ,0.05836744033826915,0.9910497460665729,0.000991049746066573,34,sample,10,137
2011-01-31,1/N,0.04438110004714976,0.05456658583922677,5.456658583922677e-05,34,sample,10,137
2011-01-31,GA-UQ,0.00791364733242921,0.8430046782252176,0.0008430046782252177,34,sample,10,137
2011-02-28,1/N,0.03265315044685409,0.04608058851387866,4.608058851387866e-05,34,sample,10,137
2011-02-28,GA-UQ,-0.021243426674755626,0.22907619887723865,0.00022907619887723867,34,sample,10,137
2011-03-31,1/N,-0.027326860437083763,0.05515993841315854,5.515993841315854e-05,34,sample,10,137
2011-03-31,GA-UQ,-0.02307488306840358,0.17343848274411972,0.00017343848274411973,34,sample,10,137
2011-04-30,1/N,0.036550237878180965,0.050463458534210935,5.0463458534210934e-05,34,sample,10,137
2011-04-30,GA-UQ,0.023015642838358698,0.5737577557352475,0.0005737577557352474,34,sample,10,137
2011-05-31,1/N,-0.010612386827799426,0.035041950095186715,3.5041950095186714e-05,34,sample,10,137
2011-05-31,GA-UQ,0.051023854825009395,0.1263576068982229,0.0001263576068982229,34,sample,10,137
2011-06-30,1/N,-0.004762210181798018,0.0367080838678006,3.67080838678006e-05,34,sample,10,137
2011-06-30,GA-UQ,0.013699593787274372,1.0200127518229436,0.0010200127518229436,34,sample,10,137
2011-07-31,1/N,-0.07430957885189422,0.034678818854405824,3.467881885440583e-05,34,sample,10,137
2011-07-31,GA-UQ,0.010837841459952938,0.8954594451606901,0.0008954594451606901,34,sample,10,137
2011-08-31,1/N,-0.11671718084256597,0.03327672491552165,3.327672491552165e-05,34,sample,10,137
2011-08-31,GA-UQ,-0.07364250652748489,0.6009161669050933,0.0006009161669050933,34,sample,10,137
2011-09-30,1/N,-0.10274900028852402,0.06512678836480137,6.512678836480138e-05,34,sample,10,137
2011-09-30,GA-UQ,-0.04791393721460161,0.9873470689314031,0.000987347068931403,34,sample,10,137
2011-10-31,1/N,0.10597281125929102,0.05773875405641614,5.773875405641614e-05,34,sample,10,137
2011-10-31,GA-UQ,0.018011100470342455,0.13605033221287446,0.00013605033221287448,34,sample,10,137
2011-11-30,1/N,-0.05346984902371912,0.06551624862275678,6.551624862275678e-05,34,sample,10,137
2011-11-30,GA-UQ,-0.0045925523528082745,0.21424384793870718,0.00021424384793870718,34,sample,10,137
2011-12-31,1/N,-0.01700004981562605,0.05263590345710836,5.263590345710836e-05,34,sample,10,137
2011-12-31,GA-UQ,0.015632727347632613,1.1644490204199234,0.0011644490204199235,34,sample,10,137
2012-01-31,1/N,0.08455298946474474,0.05886489454484083,5.8864894544840834e-05,34,sample,10,137
2012-01-31,GA-UQ,0.0564625100932,0.7944856495982903,0.0007944856495982902,34,sample,10,137
2012-02-29,1/N,0.07679312568335486,0.0409783259769151,4.0978325976915104e-05,34,sample,10,137
2012-02-29,GA-UQ,0.022918638579629436,0.30612382052117476,0.00030612382052117476,34,sample,10,137
2012-03-31,1/N,-0.0009456942121921635,0.06378623879506981,6.378623879506981e-05,34,sample,10,137
2012-03-31,GA-UQ,0.0721894999296582,0.5559333460905126,0.0005559333460905126,34,sample,10,137
2012-04-30,1/N,-0.06731321270455905,0.04736459219951451,4.736459219951451e-05,34,sample,10,137
2012-04-30,GA-UQ,0.01827858891321318,0.8178959272594338,0.0008178959272594339,34,sample,10,137
2012-05-31,1/N,-0.06577622296516787,0.049276565262634825,4.927656526263482e-05,34,sample,10,137
2012-05-31,GA-UQ,0.0028169698795707694,0.36138209119894354,0.00036138209119894357,34,sample,10,137
2012-06-30,1/N,0.04316086489110706,0.07368241052246421,7.368241052246421e-05,34,sample,10,137
2012-06-30,GA-UQ,0.03263424320264356,0.21879665229355943,0.00021879665229355944,34,sample,10,137
2012-07-31,1/N,0.01324147567959371,0.054564149503591154,5.4564149503591156e-05,34,sample,10,137
2012-07-31,GA-UQ,0.007870079590419082,0.1721577364915756,0.00017215773649157558,34,sample,10,137
2012-08-31,1/N,0.02860211758199103,0.04602662689418405,4.602662689418405e-05,34,sample,10,137
2012-08-31,GA-UQ,-0.018722163363511603,0.026835443393359953,2.6835443393359954e-05,34,sample,10,137
2012-09-30,1/N,-0.004896626854005203,0.05590469111527632,5.590469111527632e-05,34,sample,10,137
2012-09-30,GA-UQ,0.04301720165396317,0.2685303114780153,0.0002685303114780153,34,sample,10,137
2012-10-31,1/N,-0.0009321910549591101,0.04190811094728869,4.190811094728869e-05,34,sample,10,137
2012-10-31,GA-UQ,-0.012249133158883041,0.4752037263287093,0.0004752037263287093,34,sample,10,137
2012-11-30,1/N,0.0480824541004778,0.05417314402478497,5.4173144024784975e-05,34,sample,10,137
2012-11-30,GA-UQ,0.06303516779344578,0.1401623448965769,0.0001401623448965769,34,sample,10,137
2012-12-31,1/N,0.035730998270992145,0.052123239199960016,5.212323919996002e-05,34,sample,10,137
2012-12-31,GA-UQ,0.007654272229407406,0.5389413069367708,0.0005389413069367708,34,sample,10,137
2013-01-31,1/N,0.04031190200832468,0.02770454172330494,2.770454172330494e-05,34,sample,10,137
2013-01-31,GA-UQ,0.00022622920822073334,0.11923472756738543,0.00011923472756738543,34,sample,10,137
2013-02-28,1/N,0.009629486997649452,0.03574073480110118,3.5740734801101184e-05,34,sample,10,137
2013-02-28,GA-UQ,0.05086654849640536,0.14433992328730066,0.00014433992328730067,34,sample,10,137
2013-03-31,1/N,0.0014741096848076465,0.048424895789792394,4.8424895789792396e-05,34,sample,10,137
2013-03-31,GA-UQ,0.03780605279175895,0.14102275153434934,0.00014102275153434935,34,sample,10,137
2013-04-30,1/N,0.0190892671291952,0.04814701627093114,4.814701627093114e-05,34,sample,10,137
2013-04-30,GA-UQ,0.01592137959568985,0.33365802187353677,0.00033365802187353675,34,sample,10,137
2013-05-31,1/N,0.04616785756946001,0.044855566362469304,4.48555663624693e-05,34,sample,10,137
2013-05-31,GA-UQ,0.03150399978395059,0.3427672729273733,0.0003427672729273733,34,sample,10,137
2013-06-30,1/N,-0.04166653641477685,0.040011890644603296,4.0011890644603296e-05,34,sample,10,137
2013-06-30,GA-UQ,-0.03679264896660891,0.4955803949601267,0.0004955803949601267,34,sample,10,137
2013-07-31,1/N,0.09102139866843553,0.06917745192585747,6.917745192585747e-05,34,sample,10,137
2013-07-31,GA-UQ,0.08135398938155956,0.4944925755390959,0.0004944925755390959,34,sample,10,137
2013-08-31,1/N,-0.01645373608841045,0.037906982924264504,3.79069829242645e-05,34,sample,10,137
2013-08-31,GA-UQ,-0.03199190500738398,0.14819602746548557,0.00014819602746548558,34,sample,10,137
2013-09-30,1/N,0.07363670624853685,0.04741684452696623,4.741684452696623e-05,34,sample,10,137
2013-09-30,GA-UQ,0.03541490694259569,1.0328100600072017,0.0010328100600072016,34,sample,10,137
2013-10-31,1/N,0.04134162149063389,0.030144562090946906,3.0144562090946905e-05,34,sample,10,137
2013-10-31,GA-UQ,-0.018709126482990588,1.0086685699393945,0.0010086685699393944,34,sample,10,137
2013-11-30,1/N,0.01115503045321176,0.04747816824321364,4.747816824321364e-05,34,sample,10,137
2013-11-30,GA-UQ,-0.0006113831738630698,0.42952931208649936,0.0004295293120864994,34,sample,10,137
2013-12-31,1/N,0.01117109515912766,0.05425805414382005,5.425805414382006e-05,34,sample,10,137
2013-12-31,GA-UQ,0.03103721684962748,0.5617735804580425,0.0005617735804580425,34,sample,10,137
2014-01-31,1/N,-0.014871849910372773,0.03934239051692345,3.9342390516923456e-05,34,sample,10,137
2014-01-31,GA-UQ,0.0046553541769831135,0.4494212567754981,0.0004494212567754981,34,sample,10,137
2014-02-28,1/N,0.051242447024306526,0.034049402955158986,3.4049402955158985e-05,34,sample,10,137
2014-02-28,GA-UQ,-0.0019947651632342264,0.5341547637693707,0.0005341547637693707,34,sample,10,137
2014-03-31,1/N,-0.002255212624909198,0.04622443592201251,4.622443592201251e-05,34,sample,10,137
2014-03-31,GA-UQ,-0.02758379157260851,0.8630595057562411,0.0008630595057562411,34,sample,10,137
2014-04-30,1/N,0.026177496794210383,0.04833831042740083,4.8338310427400836e-05,34,sample,10,137
2014-04-30,GA-UQ,-0.024066727101785874,0.5597663899114363,0.0005597663899114363,34,sample,10,137
2014-05-31,1/N,0.00617350139569079,0.029117375840297745,2.9117375840297746e-05,34,sample,10,137
2014-05-31,GA-UQ,0.019964697580327657,0.5058813512237128,0.0005058813512237128,34,sample,10,137
2014-06-30,1/N,-0.033364529199361385,0.05209376144558486,5.2093761445584866e-05,34,sample,10,137
2014-06-30,GA-UQ,-0.0130351376417641,0.21207060483577092,0.00021207060483577093,34,sample,10,137
2014-07-31,1/N,-0.02940443259165891,0.03783948838387454,3.783948838387454e-05,34,sample,10,137
2014-07-31,GA-UQ,-0.03967662927516051,0.22708606126196362,0.00022708606126196362,34,sample,10,137
2014-08-31,1/N,0.015768890765951928,0.031868560720544725,3.1868560720544723e-05,34,sample,10,137
2014-08-31,GA-UQ,0.05196226840103339,0.38900365895058464,0.00038900365895058465,34,sample,10,137
2014-09-30,1/N,-0.016416455263919653,0.04197877057808912,4.197877057808912e-05,34,sample,10,137
2014-09-30,GA-UQ,-0.009438219041350823,0.6708013469869409,0.000670801346986941,34,sample,10,137
2014-10-31,1/N,-0.018741608097285114,0.03278891335804025,3.2788913358040254e-05,34,sample,10,137
2014-10-31,GA-UQ,0.0028203627865403037,0.30663128336629425,0.00030663128336629427,34,sample,10,137
2014-11-30,1/N,0.06363365812389557,0.034251058294872724,3.425105829487273e-05,34,sample,10,137
2014-11-30,GA-UQ,0.060997777671354114,0.9860979499421069,0.000986097949942107,34,sample,10,137
2014-12-31,1/N,-0.001730508127430137,0.03949431902512821,3.949431902512821e-05,34,sample,10,137
2014-12-31,GA-UQ,-0.0034003012706773353,0.26831835962052003,0.00026831835962052,34,sample,10,137
2015-01-31,1/N,0.09287240118085012,0.0423606177996857,4.2360617799685705e-05,34,sample,10,137
2015-01-31,GA-UQ,0.1645142021770215,0.2641156500025838,0.0002641156500025838,34,sample,10,137
2015-02-28,1/N,0.0790747044985536,0.033925301457639986,3.392530145763999e-05,34,sample,10,137
2015-02-28,GA-UQ,0.07890345227079859,0.26734046557016933,0.00026734046557016936,34,sample,10,137
2015-03-31,1/N,0.01703676294394839,0.04473708429226171,4.473708429226171e-05,34,sample,10,137
2015-03-31,GA-UQ,0.03255534202473833,0.25722463682149416,0.00025722463682149415,34,sample,10,137
2015-04-30,1/N,0.008063206324178306,0.043087333035526976,4.3087333035526974e-05,34,sample,10,137
2015-04-30,GA-UQ,0.03739083513428491,0.3142423713379102,0.00031424237133791024,34,sample,10,137
2015-05-31,1/N,0.005432510280702229,0.03126141536968989,3.1261415369689894e-05,34,sample,10,137
2015-05-31,GA-UQ,0.011175332282462792,0.1675139093009093,0.00016751390930090933,34,sample,10,137
2015-06-30,1/N,-0.05260024916928538,0.043054063921733055,4.305406392173306e-05,34,sample,10,137
2015-06-30,GA-UQ,-0.036529309955192164,0.5293803191730786,0.0005293803191730786,34,sample,10,137
2015-07-31,1/N,0.037614042382168617,0.030700668074160668,3.070066807416067e-05,34,sample,10,137
2015-07-31,GA-UQ,-0.04144948655154205,0.7202397855173421,0.0007202397855173422,34,sample,10,137
2015-08-31,1/N,-0.07642231461803527,0.025189814871573585,2.5189814871573585e-05,34,sample,10,137
2015-08-31,GA-UQ,-0.07936525441136742,0.440913814283025,0.00044091381428302504,34,sample,10,137
2015-09-30,1/N,-0.035290106274536596,0.04853609164676141,4.853609164676141e-05,34,sample,10,137
2015-09-30,GA-UQ,0.02249592115002775,1.1744578180372003,0.0011744578180372003,34,sample,10,137
2015-10-31,1/N,0.1017266981265825,0.04006635297264605,4.0066352972646045e-05,34,sample,10,137
2015-10-31,GA-UQ,0.05089359280275776,0.4334117229326727,0.00043341172293267274,34,sample,10,137
2015-11-30,1/N,0.01851357828938239,0.053204687999298825,5.320468799929883e-05,34,sample,10,137
2015-11-30,GA-UQ,0.03032449043863965,0.7955484432940516,0.0007955484432940516,34,sample,10,137
2015-12-31,1/N,-0.04802921759775267,0.04537019162641391,4.537019162641391e-05,34,sample,10,137
2015-12-31,GA-UQ,-0.024096740054963768,0.618688467706707,0.0006186884677067071,34,sample,10,137
2016-01-31,1/N,-0.04521104166069049,0.03926780868926079,3.926780868926079e-05,34,sample,10,137
2016-01-31,GA-UQ,-0.058307290779164175,0.3916440695820614,0.0003916440695820614,34,sample,10,137
2016-02-29,1/N,-0.021312548864780293,0.04310971919870313,4.310971919870313e-05,34,sample,10,137
2016-02-29,GA-UQ,0.011103180243133372,0.18467572100999374,0.00018467572100999374,34,sample,10,137
2016-03-31,1/N,0.038166985990069006,0.05380493630699499,5.380493630699499e-05,34,sample,10,137
2016-03-31,GA-UQ,0.05190955482003035,0.3211625416706123,0.00032116254167061233,34,sample,10,137
2016-04-30,1/N,0.010874328575700922,0.05236157715471238,5.2361577154712385e-05,34,sample,10,137
2016-04-30,GA-UQ,-0.017971901397593353,0.4717520028381489,0.0004717520028381489,34,sample,10,137
2016-05-31,1/N,0.014732518443642033,0.06052869860781656,6.052869860781656e-05,34,sample,10,137
2016-05-31,GA-UQ,0.02370992733395653,0.422061087752343,0.00042206108775234304,34,sample,10,137
2016-06-30,1/N,-0.06941005436748658,0.046647570971141764,4.664757097114176e-05,34,sample,10,137
2016-06-30,GA-UQ,-0.07386330252792847,0.25567740431024294,0.00025567740431024294,34,sample,10,137
2016-07-31,1/N,0.08208568697770399,0.030145048543463115,3.0145048543463117e-05,34,sample,10,137
2016-07-31,GA-UQ,0.07581167909412839,0.4471622867380134,0.0004471622867380134,34,sample,10,137
2016-08-31,1/N,0.0014857863008331377,0.05150227121960636,5.150227121960637e-05,34,sample,10,137
2016-08-31,GA-UQ,-0.020703593135431915,0.500403545097741,0.000500403545097741,34,sample,10,137
2016-09-30,1/N,0.016685431302932638,0.06299568600188715,6.299568600188715e-05,34,sample,10,137
2016-09-30,GA-UQ,0.05718522167590206,0.16533596292502492,0.00016533596292502492,34,sample,10,137
2016-10-31,1/N,0.01857568885051333,0.028600578842086482,2.8600578842086483e-05,34,sample,10,137
2016-10-31,GA-UQ,0.034450905525593586,0.2919850848748024,0.0002919850848748024,34,sample,10,137
2016-11-30,1/N,0.006032866972831148,0.02634721313171943,2.634721313171943e-05,34,sample,10,137
2016-11-30,GA-UQ,0.04883966498025822,0.1777741626726544,0.00017777416267265438,34,sample,10,137
2016-12-31,1/N,0.059013987291267604,0.05237474975601748,5.237474975601748e-05,34,sample,10,137
2016-12-31,GA-UQ,0.011679362173688982,0.1163832167068235,0.0001163832167068235,34,sample,10,137
2017-01-31,1/N,-0.002141460220744767,0.04175642900369409,4.175642900369409e-05,34,sample,10,137
2017-01-31,GA-UQ,-0.038650038724239145,0.2006932186264073,0.00020069321862640729,34,sample,10,137
2017-02-28,1/N,0.03241394122945488,0.029233063710011647,2.9233063710011648e-05,34,sample,10,137
2017-02-28,GA-UQ,0.05276760605880639,0.271523040799159,0.000271523040799159,34,sample,10,137
2017-03-31,1/N,0.048764075011890735,0.043680917985018636,4.3680917985018636e-05,34,sample,10,137
2017-03-31,GA-UQ,0.011032884890305017,0.4678684865520737,0.0004678684865520737,34,sample,10,137
2017-04-30,1/N,0.030598430527833616,0.03901951052911109,3.901951052911109e-05,34,sample,10,137
2017-04-30,GA-UQ,0.038275840342915805,0.7192555385389395,0.0007192555385389396,34,sample,10,137
2017-05-31,1/N,0.010187692175096975,0.03350754369429355,3.350754369429355e-05,34,sample,10,137
2017-05-31,GA-UQ,0.013754040759399304,0.2519618062729656,0.0002519618062729656,34,sample,10,137
2017-06-30,1/N,-0.030984133792996995,0.030733767253435115,3.0733767253435114e-05,34,sample,10,137
2017-06-30,GA-UQ,-0.05335541265391427,0.939849251577714,0.000939849251577714,34,sample,10,137
2017-07-31,1/N,0.003260574727114968,0.03341066295184651,3.341066295184651e-05,34,sample,10,137
2017-07-31,GA-UQ,-0.005037793950888648,0.5836389667337416,0.0005836389667337416,34,sample,10,137
2017-08-31,1/N,-0.008000432196690296,0.028624427482327384,2.8624427482327384e-05,34,sample,10,137
2017-08-31,GA-UQ,-0.009394051797297012,0.28401680824322567,0.00028401680824322566,34,sample,10,137
2017-09-30,1/N,0.06269461327868404,0.03100770132530534,3.100770132530534e-05,34,sample,10,137
2017-09-30,GA-UQ,0.04192213801099393,0.4614503713262825,0.0004614503713262825,34,sample,10,137
2017-10-31,1/N,0.0330287782034031,0.02910626510748089,2.9106265107480892e-05,34,sample,10,137
2017-10-31,GA-UQ,-0.010578624840002,0.11104016057020007,0.00011104016057020007,34,sample,10,137
2017-11-30,1/N,-0.009871377744757872,0.041460806526637375,4.146080652663738e-05,34,sample,10,137
2017-11-30,GA-UQ,-0.056246063030971856,0.2852528978740378,0.0002852528978740378,34,sample,10,137
2017-12-31,1/N,0.0014605767501520187,0.044267059351315946,4.4267059351315944e-05,34,sample,10,137
2017-12-31,GA-UQ,0.010369630901655345,0.3841420292955514,0.0003841420292955514,34,sample,10,137
2018-01-31,1/N,0.030168288347475945,0.03007296121487464,3.0072961214874642e-05,34,sample,10,137
2018-01-31,GA-UQ,0.032169469954226815,0.6063001539401464,0.0006063001539401464,34,sample,10,137
2018-02-28,1/N,-0.02453890469307181,0.022301648475014483,2.2301648475014482e-05,34,sample,10,137
2018-02-28,GA-UQ,-0.018762835632744255,0.8391682385229936,0.0008391682385229936,34,sample,10,137
2018-03-31,1/N,-0.023636744815436383,0.03112556625981391,3.112556625981391e-05,34,sample,10,137
2018-03-31,GA-UQ,0.031264144246737284,0.29988448804960643,0.0002998844880496064,34,sample,10,137
2018-04-30,1/N,0.05327167290115842,0.03924881447571682,3.924881447571682e-05,34,sample,10,137
2018-04-30,GA-UQ,0.07464810501881675,0.37008607663419824,0.0003700860766341982,34,sample,10,137
2018-05-31,1/N,-0.004073553419344092,0.04525015956823134,4.5250159568231345e-05,34,sample,10,137
2018-05-31,GA-UQ,0.07286452287515612,0.2137085615689655,0.00021370856156896552,34,sample,10,137
2018-06-30,1/N,-0.03495916600895008,0.045314389808701075,4.531438980870108e-05,34,sample,10,137
2018-06-30,GA-UQ,-0.01180515288208347,0.48704855644836037,0.0004870485564483604,34,sample,10,137
2018-07-31,1/N,0.021065185357413745,0.05016834406796027,5.016834406796027e-05,34,sample,10,137
2018-07-31,GA-UQ,-0.0318191760601055,0.2625680887600737,0.0002625680887600737,34,sample,10,137
2018-08-31,1/N,-0.019798251245005272,0.04445255229071905,4.445255229071905e-05,34,sample,10,137
2018-08-31,GA-UQ,0.04681268654019004,0.23793454228875188,0.00023793454228875188,34,sample,10,137
2018-09-30,1/N,0.014073858981279483,0.03987848728158791,3.987848728158791e-05,34,sample,10,137
2018-09-30,GA-UQ,-0.03618829734119566,0.708907909773744,0.000708907909773744,34,sample,10,137
2018-10-31,1/N,-0.08050595419038888,0.03976929671284475,3.976929671284475e-05,34,sample,10,137
2018-10-31,GA-UQ,-0.14456179183302378,0.687428922075649,0.000687428922075649,34,sample,10,137
2018-11-30,1/N,-0.022459986649557284,0.039303109326747236,3.930310932674724e-05,34,sample,10,137
2018-11-30,GA-UQ,-0.0369644967087548,0.36701054829464713,0.0003670105482946471,34,sample,10,137
2018-12-31,1/N,-0.05620828812685933,0.06319519549107713,6.319519549107714e-05,34,sample,10,137
2018-12-31,GA-UQ,-0.001975512055019631,0.8752205672854093,0.0008752205672854093,34,sample,10,137
2019-01-31,1/N,0.060452829652233364,0.04436365839276552,4.436365839276552e-05,34,sample,10,137
2019-01-31,GA-UQ,0.04583133860068333,0.5738473728384926,0.0005738473728384927,34,sample,10,137
2019-02-28,1/N,0.05283601648644301,0.04185302600857702,4.185302600857702e-05,34,sample,10,137
2019-02-28,GA-UQ,0.08646984324907031,0.5065481051294694,0.0005065481051294694,34,sample,10,137
2019-03-31,1/N,-0.008580480535782115,0.044280447891985444,4.4280447891985446e-05,34,sample,10,137
2019-03-31,GA-UQ,0.03078241584417179,0.27593529083715795,0.00027593529083715795,34,sample,10,137
2019-04-30,1/N,0.060200095833173824,0.04095278800181208,4.095278800181208e-05,34,sample,10,137
2019-04-30,GA-UQ,0.06059069152278385,0.2731095422757593,0.0002731095422757593,34,sample,10,137
2019-05-31,1/N,-0.08305400779172444,0.046167133306180885,4.6167133306180886e-05,34,sample,10,137
2019-05-31,GA-UQ,-0.10957979826382525,0.5310490649928894,0.0005310490649928895,34,sample,10,137
2019-06-30,1/N,0.06364472618299834,0.04659796131748832,4.659796131748832e-05,34,sample,10,137
2019-06-30,GA-UQ,0.10846414889687099,0.08252333662086377,8.252333662086376e-05,34,sample,10,137
2019-07-31,1/N,-0.005248945193602202,0.06190034192679518,6.190034192679519e-05,34,sample,10,137
2019-07-31,GA-UQ,-0.08057826915111278,0.4542378076029325,0.00045423780760293247,34,sample,10,137
2019-08-31,1/N,-0.014099798382287788,0.05015595053101032,5.015595053101032e-05,34,sample,10,137
2019-08-31,GA-UQ,-0.046494046136048794,0.12442097729025617,0.00012442097729025616,34,sample,10,137
2019-09-30,1/N,0.04131620230220338,0.042265672747184374,4.226567274718437e-05,34,sample,10,137
2019-09-30,GA-UQ,0.04486113235719724,0.9443518533579245,0.0009443518533579245,34,sample,10,137
2019-10-31,1/N,0.006666753963123335,0.05199216139820975,5.199216139820975e-05,34,sample,10,137
2019-10-31,GA-UQ,0.04205873556774804,0.6224379009208745,0.0006224379009208745,34,sample,10,137
2019-11-30,1/N,0.027811446242200527,0.0475714784618262,4.7571478461826205e-05,34,sample,10,137
2019-11-30,GA-UQ,0.057376297912283575,0.6027196473124804,0.0006027196473124805,34,sample,10,137
2019-12-31,1/N,0.0031701337390251166,0.048269954412304666,4.826995441230467e-05,34,sample,10,137
2019-12-31,GA-UQ,-0.01359707231436313,0.31419713180826253,0.00031419713180826255,34,sample,10,137
2020-01-31,1/N,-0.033362832289640224,0.04160973237707055,4.160973237707055e-05,34,sample,10,137
2020-01-31,GA-UQ,0.001946409815383107,0.5597112631141997,0.0005597112631141998,34,sample,10,137
2020-02-29,1/N,-0.08260741347274506,0.03388832052769217,3.388832052769217e-05,34,sample,10,137
2020-02-29,GA-UQ,-0.0849118511756774,1.1493231666305528,0.0011493231666305527,34,sample,10,137
2020-03-31,1/N,-0.18044118627300496,0.05829179179301168,5.829179179301168e-05,34,sample,10,137
2020-03-31,GA-UQ,-0.2257208194084694,1.1110572865766872,0.0011110572865766872,34,sample,10,137
2020-04-30,1/N,0.060383049691739535,0.039250696448870824,3.925069644887082e-05,34,sample,10,137
2020-04-30,GA-UQ,-0.014055828669162763,0.6855602558871984,0.0006855602558871984,34,sample,10,137
2020-05-31,1/N,0.021964108877061822,0.1209852506222839,0.0001209852506222839,34,sample,10,137
2020-05-31,GA-UQ,0.05086075774407682,0.5891645063526442,0.0005891645063526442,34,sample,10,137
2020-06-30,1/N,0.047547922618605895,0.06951065049062437,6.951065049062437e-05,34,sample,10,137
2020-06-30,GA-UQ,0.05913912121290659,1.0400599210907322,0.0010400599210907322,34,sample,10,137
2020-07-31,1/N,-0.03666172666302955,0.047860987811861114,4.7860987811861116e-05,34,sample,10,137
2020-07-31,GA-UQ,-0.009939608501351027,0.4022160050108753,0.0004022160050108753,34,sample,10,137
2020-08-31,1/N,0.05890069496293318,0.04445298347870059,4.445298347870059e-05,34,sample,10,137
2020-08-31,GA-UQ,0.007087434497713118,0.2202236952636773,0.0002202236952636773,34,sample,10,137
2020-09-30,1/N,-0.016589152956046255,0.05357286902843758,5.3572869028437585e-05,34,sample,10,137
2020-09-30,GA-UQ,-0.004412304532813943,0.36128785237250494,0.00036128785237250495,34,sample,10,137
2020-10-31,1/N,-0.04643210425757044,0.05374824957973512,5.374824957973512e-05,34,sample,10,137
2020-10-31,GA-UQ,-0.05374291935706518,0.6417098545109196,0.0006417098545109196,34,sample,10,137
2020-11-30,1/N,0.22150499973411933,0.05923291075936792,5.9232910759367925e-05,34,sample,10,137
2020-11-30,GA-UQ,0.08626546975212614,0.5314508367339471,0.0005314508367339471,34,sample,10,137
2020-12-31,1/N,0.015243107655649724,0.05648871024922441,5.648871024922441e-05,34,sample,10,137
2020-12-31,GA-UQ,0.03528128626663624,0.2883989424478102,0.0002883989424478102,34,sample,10,137
2021-01-31,1/N,-0.020412139629139868,0.08854210344518958,8.854210344518958e-05,34,sample,10,137
2021-01-31,GA-UQ,-0.0489349796378678,0.21955135496090267,0.00021955135496090267,34,sample,10,137
2021-02-28,1/N,0.05533142180073843,0.04288596297114022,4.288596297114022e-05,34,sample,10,137
2021-02-28,GA-UQ,0.04612640689079223,0.6281789706130497,0.0006281789706130497,34,sample,10,137
2021-03-31,1/N,0.057618937364907995,0.046267065701626,4.626706570162601e-05,34,sample,10,137
2021-03-31,GA-UQ,0.07508046423774113,0.04254849977270492,4.254849977270492e-05,34,sample,10,137
2021-04-30,1/N,0.013049488724787275,0.058899408733204296,5.88994087332043e-05,34,sample,10,137
2021-04-30,GA-UQ,0.07404382297662367,0.5544145125031223,0.0005544145125031223,34,sample,10,137
2021-05-31,1/N,0.010081540554217701,0.043030868879357,4.3030868879357e-05,34,sample,10,137
2021-05-31,GA-UQ,0.05748254581397514,0.08322251410127288,8.322251410127288e-05,34,sample,10,137
2021-06-30,1/N,-0.007043297982890055,0.04193210317322081,4.193210317322081e-05,34,sample,10,137
2021-06-30,GA-UQ,0.022429348395297553,0.16200327232165732,0.00016200327232165733,34,sample,10,137
2021-07-31,1/N,-0.0008432742592130276,0.0335544175871003,3.35544175871003e-05,34,sample,10,137
2021-07-31,GA-UQ,0.022548788511867618,0.15040316673952653,0.00015040316673952653,34,sample,10,137
2021-08-31,1/N,0.02246064584923008,0.03834476015496585,3.834476015496585e-05,34,sample,10,137
2021-08-31,GA-UQ,-0.0384176920668853,0.2793480480522474,0.0002793480480522474,34,sample,10,137
2021-09-30,1/N,-0.008387131887533955,0.05996547157422458,5.996547157422458e-05,34,sample,10,137
2021-09-30,GA-UQ,-0.050366165660785875,0.22875674453751105,0.00022875674453751106,34,sample,10,137
2021-10-31,1/N,0.029400637553232026,0.039890162555246945,3.9890162555246945e-05,34,sample,10,137
2021-10-31,GA-UQ,0.10028171260879132,0.6185095620292989,0.0006185095620292989,34,sample,10,137
2021-11-30,1/N,-0.043427087787117534,0.04556859971467125,4.556859971467125e-05,34,sample,10,137
2021-11-30,GA-UQ,0.01835750483468621,0.6348246978673999,0.0006348246978673999,34,sample,10,137
2021-12-31,1/N,0.06230295837576838,0.04019589687794894,4.019589687794894e-05,34,sample,10,137
2021-12-31,GA-UQ,0.024987383088495057,1.052512693106477,0.001052512693106477,34,sample,10,137
2022-01-31,1/N,-0.018289345537145372,0.059127033265837195,5.91270332658372e-05,34,sample,10,137
2022-01-31,GA-UQ,-0.06765466255859205,0.04186305101210023,4.1863051012100227e-05,34,sample,10,137
2022-02-28,1/N,-0.041996893410537854,0.033385107858898415,3.3385107858898414e-05,34,sample,10,137
2022-02-28,GA-UQ,-0.05838496338186504,0.049978296126995725,4.997829612699573e-05,34,sample,10,137
2022-03-31,1/N,-0.016958067873969855,0.06724548131273864,6.724548131273863e-05,34,sample,10,137
2022-03-31,GA-UQ,0.0035255960990010415,0.4695311834486984,0.00046953118344869837,34,sample,10,137
2022-04-30,1/N,-0.009247496130054022,0.07628051760483137,7.628051760483137e-05,34,sample,10,137
2022-04-30,GA-UQ,-0.06323071924290902,0.10266117189330592,0.00010266117189330593,34,sample,10,137
2022-05-31,1/N,0.007243892529554918,0.06700653005573962,6.700653005573962e-05,34,sample,10,137
2022-05-31,GA-UQ,-0.0024481401179925174,0.5410764822935117,0.0005410764822935117,34,sample,10,137
2022-06-30,1/N,-0.12320865028295226,0.04419623334350431,4.419623334350431e-05,34,sample,10,137
2022-06-30,GA-UQ,-0.11268888979948964,0.6081888689163766,0.0006081888689163766,34,sample,10,137
2022-07-31,1/N,0.06341829939807128,0.06591611502623283,6.591611502623284e-05,34,sample,10,137
2022-07-31,GA-UQ,0.10022680016245794,0.608230753505687,0.0006082307535056871,34,sample,10,137
2022-08-31,1/N,-0.0461972668174522,0.09241658167755391,9.241658167755392e-05,34,sample,10,137
2022-08-31,GA-UQ,-0.038856442742884634,1.1076390015338387,0.0011076390015338387,34,sample,10,137
2022-09-30,1/N,-0.0866203366557067,0.06769784340346283,6.769784340346283e-05,34,sample,10,137
2022-09-30,GA-UQ,-0.06445076615567893,0.4291472093833333,0.00042914720938333327,34,sample,10,137
2022-10-31,1/N,0.09292867141783216,0.049514298640459295,4.951429864045929e-05,34,sample,10,137
2022-10-31,GA-UQ,0.03909848995370327,0.6795922963461833,0.0006795922963461834,34,sample,10,137
2022-11-30,1/N,0.06928956190635711,0.051092292406097396,5.10922924060974e-05,34,sample,10,137
2022-11-30,GA-UQ,0.09728433672924429,0.6969843103002019,0.000696984310300202,34,sample,10,137
2022-12-31,1/N,-0.04495121400020115,0.061682959862532874,6.168295986253288e-05,34,sample,10,137
2022-12-31,GA-UQ,-0.0496447795352933,0.2601377012694795,0.0002601377012694795,34,sample,10,137
2023-01-31,1/N,0.12292661540965975,0.04378621716240066,4.3786217162400655e-05,34,sample,10,137
2023-01-31,GA-UQ,0.11726775566189125,0.10231014545934326,0.00010231014545934326,34,sample,10,137
2023-02-28,1/N,0.04206440210119949,0.03445583208133337,3.445583208133337e-05,34,sample,10,137
2023-02-28,GA-UQ,-0.0008033184716795561,0.2712277781103022,0.0002712277781103022,34,sample,10,137
2023-03-31,1/N,-0.027172767426125396,0.06377013440862914,6.377013440862913e-05,34,sample,10,137
2023-03-31,GA-UQ,0.03597917576899845,0.34483631637892836,0.0003448363163789284,34,sample,10,137
2023-04-30,1/N,0.019436268788107672,0.04089326466284112,4.0893264662841125e-05,34,sample,10,137
2023-04-30,GA-UQ,0.03249096782948853,0.33712307049016643,0.00033712307049016643,34,sample,10,137
2023-05-31,1/N,-0.04969994517404181,0.059365229914925266,5.9365229914925265e-05,34,sample,10,137
2023-05-31,GA-UQ,-0.08315969063713162,0.6154986690173034,0.0006154986690173035,34,sample,10,137
2023-06-30,1/N,0.035146101358487176,0.05506404654227452,5.5064046542274524e-05,34,sample,10,137
2023-06-30,GA-UQ,0.04973275176847473,0.36093689452159616,0.0003609368945215962,34,sample,10,137
2023-07-31,1/N,-0.0008206333212268842,0.05687517310185096,5.687517310185096e-05,34,sample,10,137
2023-07-31,GA-UQ,-0.007980471673687291,0.6418639183049948,0.0006418639183049948,34,sample,10,137
2023-08-31,1/N,-0.028952002731354603,0.04538728496558025,4.538728496558025e-05,34,sample,10,137
2023-08-31,GA-UQ,-0.036453222661333426,0.1654258136212766,0.0001654258136212766,34,sample,10,137
2023-09-30,1/N,-0.04788561558571444,0.05533166996390573,5.533166996390573e-05,34,sample,10,137
2023-09-30,GA-UQ,-0.03888864224022292,0.2693615051808018,0.00026936150518080184,34,sample,10,137
2023-10-31,1/N,-0.05320246122862293,0.0478082680031198,4.78082680031198e-05,34,sample,10,137
2023-10-31,GA-UQ,-0.009327924032091449,0.136531461672854,0.00013653146167285398,34,sample,10,137
2023-11-30,1/N,0.041387374038014034,0.062181886656954566,6.218188665695457e-05,34,sample,10,137
2023-11-30,GA-UQ,0.05270253601797966,0.8650612841119008,0.0008650612841119008,34,sample,10,137
2023-12-31,1/N,0.04285689023479209,0.0897460696535897,8.974606965358969e-05,34,sample,10,137
2023-12-31,GA-UQ,0.021642726163823057,0.5383061224844335,0.0005383061224844335,34,sample,10,137
2024-01-31,1/N,-0.01820048868317564,0.05841631268598401,5.841631268598401e-05,34,sample,10,137
2024-01-31,GA-UQ,0.04384048187551776,0.29989197397948203,0.000299891973979482,34,sample,10,137
2024-02-29,1/N,-0.001176413140433935,0.04502633983550035,4.502633983550035e-05,34,sample,10,137
2024-02-29,GA-UQ,0.01436823546230279,0.3970792463950197,0.0003970792463950197,34,sample,10,137
2024-03-31,1/N,0.0061210304519754575,0.06893772644607146,6.893772644607146e-05,34,sample,10,137
2024-03-31,GA-UQ,0.06396418047373752,0.3650584154207549,0.0003650584154207549,34,sample,10,137
2024-04-30,1/N,-0.029213122334630887,0.08172044857221673,8.172044857221674e-05,34,sample,10,137
2024-04-30,GA-UQ,0.01061030114875511,0.2926078161266377,0.00029260781612663775,34,sample,10,137
2024-05-31,1/N,0.022698938443720024,0.08836972085604339,8.836972085604339e-05,34,sample,10,137
2024-05-31,GA-UQ,0.0032014640412574447,0.1505368846449383,0.0001505368846449383,34,sample,10,137
2024-06-30,1/N,-0.08697791914078849,0.051213140713395326,5.121314071339533e-05,34,sample,10,137
2024-06-30,GA-UQ,-0.0687454568494975,0.22893469632400998,0.00022893469632400998,34,sample,10,137
2024-07-31,1/N,0.006569597536599651,0.0549160389078024,5.49160389078024e-05,34,sample,10,137
2024-07-31,GA-UQ,-0.02172621862989547,0.2737923909159548,0.0002737923909159548,34,sample,10,137
2024-08-31,1/N,-0.0054807999162759,0.06251650843147728,6.251650843147728e-05,34,sample,10,137
2024-08-31,GA-UQ,0.02041670723411084,0.39535162300403603,0.00039535162300403606,34,sample,10,137
2024-09-30,1/N,-0.003957415195811585,0.05319429044498679,5.319429044498679e-05,34,sample,10,137
2024-09-30,GA-UQ,-0.030842820710539457,0.30853844197521724,0.00030853844197521724,34,sample,10,137
2024-10-31,1/N,-0.016374138090893654,0.03762781111429066,3.762781111429066e-05,34,sample,10,137
2024-10-31,GA-UQ,0.030745629562752053,0.648113853979049,0.000648113853979049,34,sample,10,137
2003-03-31,1/N,-0.07024699871208541,0.0,0.0,34,sample,25,137
2003-03-31,GA-UQ,0.039152418582158184,0.0,0.0,34,sample,25,137
2003-04-30,1/N,0.17487591307245276,0.06792824299288255,0.00016982060748220638,34,sample,25,137
2003-04-30,GA-UQ,0.05216386759388084,0.35871217190092025,0.0008967804297523006,34,sample,25,137
2003-05-31,1/N,0.05335444015931879,0.08873135705686638,0.00022182839264216596,34,sample,25,137
2003-05-31,GA-UQ,0.05000258456372272,0.16506553161201892,0.0004126638290300473,34,sample,25,137
2003-06-30,1/N,0.03199018929430136,0.06769661655422204,0.0001692415413855551,34,sample,25,137
2003-06-30,GA-UQ,-0.05622211728013682,0.11570742759006385,0.0002892685689751596,34,sample,25,137
2003-07-31,1/N,0.05281241724014074,0.08525571311648739,0.00021313928279121847,34,sample,25,137
2003-07-31,GA-UQ,-0.0028872339657798787,0.1638974755776467,0.00040974368894411677,34,sample,25,137
2003-08-31,1/N,0.03900555335640398,0.056562389875960975,0.00014140597468990243,34,sample,25,137
2003-08-31,GA-UQ,0.0027138663714016244,0.2639754301631547,0.0006599385754078868,34,sample,25,137
2003-09-30,1/N,-0.03578579385844881,0.05390435338488627,0.00013476088346221567,34,sample,25,137
2003-09-30,GA-UQ,0.00371497999428899,0.556603892065324,0.00139150973016331,34,sample,25,137
2003-10-31,1/N,0.08758392336505767,0.057321731400811364,0.00014330432850202842,34,sample,25,137
2003-10-31,GA-UQ,0.031020193491053907,0.44398803058805847,0.0011099700764701462,34,sample,25,137
2003-11-30,1/N,0.014031085619716532,0.06919936247436151,0.00017299840618590379,34,sample,25,137
2003-11-30,GA-UQ,0.055955729997633936,0.08423722869715991,0.00021059307174289978,34,sample,25,137
2003-12-31,1/N,-0.001253663499263448,0.048614103445944024,0.00012153525861486006,34,sample,25,137
2003-12-31,GA-UQ,-0.021339981356591813,0.623552048813832,0.00155888012203458,34,sample,25,137
2004-01-31,1/N,0.04791876438774891,0.04389192378110868,0.00010972980945277169,34,sample,25,137
2004-01-31,GA-UQ,-0.004822443015254379,0.5493682444269273,0.0013734206110673183,34,sample,25,137
2004-02-29,1/N,0.03756585697324456,0.05671334945058758,0.00014178337362646894,34,sample,25,137
2004-02-29,GA-UQ,0.07971320803198162,0.8374194350632946,0.0020935485876582365,34,sample,25,137
2004-03-31,1/N,-0.02044131202683759,0.06676589858758236,0.0001669147464689559,34,sample,25,137
2004-03-31,GA-UQ,0.046130234274321384,0.25624589030439343,0.0006406147257609836,34,sample,25,137
2004-04-30,1/N,0.00840167073525599,0.04841538435509293,0.00012103846088773233,34,sample,25,137
2004-04-30,GA-UQ,0.03398746662355717,0.4490345919874951,0.0011225864799687378,34,sample,25,137
2004-05-31,1/N,-0.011520548754812005,0.04949718199300593,0.00012374295498251482,34,sample,25,137
2004-05-31,GA-UQ,0.042451582559463616,0.48652237404487664,0.0012163059351121917,34,sample,25,137
2004-06-30,1/N,0.030568835119775806,0.040543483716571724,0.00010135870929142932,34,sample,25,137
2004-06-30,GA-UQ,0.033144150651846144,0.20001714174396462,0.0005000428543599116,34,sample,25,137
2004-07-31,1/N,-0.037621539664984785,0.043543048859607345,0.00010885762214901836,34,sample,25,137
2004-07-31,GA-UQ,-0.022475587117046805,0.9227932409591024,0.002306983102397756,34,sample,25,137
2004-08-31,1/N,-0.021517504299803782,0.0335720003829896,8.393000095747401e-05,34,sample,25,137
2004-08-31,GA-UQ,0.025187958063468747,0.868674675844658,0.002171686689611645,34,sample,25,137
2004-09-30,1/N,-0.0004830818843754507,0.05653213242125431,0.00014133033105313578,34,sample,25,137
2004-09-30,GA-UQ,0.03871867517904503,0.180061682583413,0.00045015420645853253,34,sample,25,137
2004-10-31,1/N,0.025125165563421797,0.04722034753127935,0.00011805086882819837,34,sample,25,137
2004-10-31,GA-UQ,0.062180966001059726,0.5601031941130429,0.0014002579852826073,34,sample,25,137
2004-11-30,1/N,0.03482904539981101,0.04070443627211974,0.00010176109068029935,34,sample,25,137
2004-11-30,GA-UQ,0.036931250914911395,0.6188500728490129,0.0015471251821225324,34,sample,25,137
2004-12-31,1/N,0.01856664876027795,0.04284357224463524,0.0001071089306115881,34,sample,25,137
2004-12-31,GA-UQ,-0.0033700029655590433,0.4588878481427761,0.0011472196203569404,34,sample,25,137
2005-01-31,1/N,0.023978417080184323,0.03830681359388601,9.576703398471503e-05,34,sample,25,137
2005-01-31,GA-UQ,0.04601621830759535,0.9633442309003825,0.0024083605772509563,34,sample,25,137
2005-02-28,1/N,0.03790648714208002,0.042643157470357004,0.00010660789367589252,34,sample,25,137
2005-02-28,GA-UQ,0.06760902902730884,1.0707595209199716,0.0026768988022999292,34,sample,25,137
2005-03-31,1/N,-0.014409125776987374,0.04993126963490874,0.00012482817408727184,34,sample,25,137
2005-03-31,GA-UQ,-0.08795507974611881,0.23896931252165546,0.0005974232813041386,34,sample,25,137
2005-04-30,1/N,-0.05928634919958246,0.049091254184006075,0.0001227281354600152,34,sample,25,137
2005-04-30,GA-UQ,-0.13434419393964753,0.4060725634012992,0.0010151814085032481,34,sample,25,137
2005-05-31,1/N,0.05915098583466775,0.040503280674783634,0.00010125820168695908,34,sample,25,137
2005-05-31,GA-UQ,0.058658626299302706,0.4257163176014511,0.0010642907940036279,34,sample,25,137
2005-06-30,1/N,0.03818471377624448,0.04488339020816326,0.00011220847552040815,34,sample,25,137
2005-06-30,GA-UQ,0.06533895632423879,1.23909292596928,0.0030977323149232,34,sample,25,137
2005-07-31,1/N,0.051355192295438376,0.028074061745664555,7.018515436416139e-05,34,sample,25,137
2005-07-31,GA-UQ,0.06805394038908674,0.0664371733954259,0.00016609293348856475,34,sample,25,137
2005-08-31,1/N,-0.012176186919088797,0.03433638097910576,8.584095244776441e-05,34,sample,25,137
2005-08-31,GA-UQ,0.01868953715757173,0.38440197449547453,0.0009610049362386863,34,sample,25,137
2005-09-30,1/N,0.05141066385771742,0.04002221383961395,0.00010005553459903487,34,sample,25,137
2005-09-30,GA-UQ,0.029669637914648238,0.24077752724212856,0.0006019438181053214,34,sample,25,137
2005-10-31,1/N,-0.0384920841802426,0.0359745005543432,8.993625138585801e-05,34,sample,25,137
2005-10-31,GA-UQ,-0.09974146014931269,0.30782275298359835,0.0007695568824589959,34,sample,25,137
2005-11-30,1/N,0.03435500961375819,0.039852827071629904,9.963206767907476e-05,34,sample,25,137
2005-11-30,GA-UQ,0.05164369658672672,0.36742007240313335,0.0009185501810078334,34,sample,25,137
2005-12-31,1/N,0.021681383883262875,0.03924949866206455,9.812374665516137e-05,34,sample,25,137
2005-12-31,GA-UQ,-7.834602692496722e-05,0.4394612329051167,0.0010986530822627916,34,sample,25,137
2006-01-31,1/N,0.04978363667025829,0.04258452437100112,0.00010646131092750279,34,sample,25,137
2006-01-31,GA-UQ,0.15443435899473293,0.2753995134335224,0.0006884987835838061,34,sample,25,137
2006-02-28,1/N,0.015260426189103497,0.028036228136513908,7.009057034128477e-05,34,sample,25,137
2006-02-28,GA-UQ,-0.0038957495046768095,0.5051342091954227,0.0012628355229885569,34,sample,25,137
2006-03-31,1/N,0.03450138126512481,0.04788073210731128,0.0001197018302682782,34,sample,25,137
2006-03-31,GA-UQ,0.07605784685081261,0.15514348426050878,0.00038785871065127197,34,sample,25,137
2006-04-30,1/N,-0.0005297948047614214,0.04183020496397766,0.00010457551240994414,34,sample,25,137
2006-04-30,GA-UQ,-0.04059014175264948,0.044860011780499635,0.00011215002945124909,34,sample,25,137
2006-05-31,1/N,-0.06364748041497556,0.03773246825539111,9.433117063847777e-05,34,sample,25,137
2006-05-31,GA-UQ,-0.09669443843722524,0.4293027344850483,0.0010732568362126207,34,sample,25,137
2006-06-30,1/N,-0.0025680701199170676,0.03886893278079881,9.717233195199703e-05,34,sample,25,137
2006-06-30,GA-UQ,0.026979111699489692,0.41387158495000514,0.0010346789623750128,34,sample,25,137
2006-07-31,1/N,-0.015571715444126624,0.03313987908493561,8.284969771233903e-05,34,sample,25,137
2006-07-31,GA-UQ,0.021887426157148514,0.5921395266721187,0.0014803488166802968,34,sample,25,137
2006-08-31,1/N,0.0544106168511233,0.038839666177064414,9.709916544266104e-05,34,sample,25,137
2006-08-31,GA-UQ,0.036708803137512416,0.7676616989730589,0.0019191542474326472,34,sample,25,137
2006-09-30,1/N,0.015347899004753618,0.057490380988281374,0.00014372595247070345,34,sample,25,137
2006-09-30,GA-UQ,0.03351580308585141,0.484087487183532,0.00121021871795883,34,sample,25,137
2006-10-31,1/N,0.026238501340847924,0.03194546713474139,7.986366783685348e-05,34,sample,25,137
2006-10-31,GA-UQ,0.06539662273616674,0.11469881816116814,0.00028674704540292037,34,sample,25,137
2006-11-30,1/N,0.00544350510196174,0.032986260072917266,8.246565018229317e-05,34,sample,25,137
2006-11-30,GA-UQ,0.017931873798206842,0.033540198736858456,8.385049684214614e-05,34,sample,25,137
2006-12-31,1/N,0.04013527385348129,0.03716206343136362,9.290515857840905e-05,34,sample,25,137
2006-12-31,GA-UQ,0.020860775157658648,0.21318027459181732,0.0005329506864795433,34,sample,25,137
2007-01-31,1/N,0.02785221454116895,0.03929339316259329,9.823348290648323e-05,34,sample,25,137
2007-01-31,GA-UQ,0.09380714315896119,0.1005327786309582,0.0002513319465773955,34,sample,25,137
2007-02-28,1/N,-0.0004862579179861369,0.03333555013180094,8.333887532950234e-05,34,sample,25,137
2007-02-28,GA-UQ,0.008879989377218433,0.2313868342866052,0.000578467085716513,34,sample,25,137
2007-03-31,1/N,0.04522377897112326,0.04392801096210377,0.00010982002740525942,34,sample,25,137
2007-03-31,GA-UQ,0.08759258163921585,0.2229584649158178,0.0005573961622895445,34,sample,25,137
2007-04-30,1/N,0.040929815290823145,0.039313703737600895,9.828425934400224e-05,34,sample,25,137
2007-04-30,GA-UQ,0.015052397487300308,0.038978415369457654,9.744603842364414e-05,34,sample,25,137
2007-05-31,1/N,0.02304357336149499,0.04573893249413805,0.00011434733123534514,34,sample,25,137
2007-05-31,GA-UQ,0.026063813202503373,0.028045508448221713,7.011377112055429e-05,34,sample,25,137
2007-06-30,1/N,0.0002959473997462066,0.03906390624084333,9.765976560210832e-05,34,sample,25,137
2007-06-30,GA-UQ,-0.021057310954476487,0.18980271989038452,0.0004745067997259613,34,sample,25,137
2007-07-31,1/N,-0.04258856715751305,0.039225612215776556,9.806403053944139e-05,34,sample,25,137
2007-07-31,GA-UQ,-0.00824441602505843,0.32563575371539755,0.0008140893842884939,34,sample,25,137
2007-08-31,1/N,-0.015345581585438802,0.03716924820202608,9.29231205050652e-05,34,sample,25,137
2007-08-31,GA-UQ,-0.0018268690537212567,0.33471024498880103,0.0008367756124720026,34,sample,25,137
2007-09-30,1/N,0.0024738471441593537,0.03733544481341605,9.333861203354013e-05,34,sample,25,137
2007-09-30,GA-UQ,0.07051088140348388,0.5879207802548349,0.0014698019506370872,34,sample,25,137
2007-10-31,1/N,0.025465857528984986,0.030063350863336703,7.515837715834176e-05,34,sample,25,137
2007-10-31,GA-UQ,0.12138095669806902,0.29798337431889715,0.0007449584357972429,34,sample,25,137
2007-11-30,1/N,-0.06803537836486886,0.04612294414049171,0.00011530736035122927,34,sample,25,137
2007-11-30,GA-UQ,-0.06433467961875883,0.2063399182634389,0.0005158497956585972,34,sample,25,137
2007-12-31,1/N,-0.02232732652235407,0.03878536745070024,9.69634186267506e-05,34,sample,25,137
2007-12-31,GA-UQ,-0.049387533573263066,0.20950185270249433,0.0005237546317562358,34,sample,25,137
2008-01-31,1/N,-0.1255157004048752,0.05820580748207088,0.00014551451870517722,34,sample,25,137
2008-01-31,GA-UQ,-0.09769580900731258,0.5893170802905149,0.0014732927007262873,34,sample,25,137
2008-02-29,1/N,-0.00011464216796038615,0.04767973794627639,0.00011919934486569099,34,sample,25,137
2008-02-29,GA-UQ,0.028819280251146343,0.11770574978271398,0.00029426437445678494,34,sample,25,137
2008-03-31,1/N,-0.01161283139559473,0.04988782262379364,0.0001247195565594841,34,sample,25,137
2008-03-31,GA-UQ,-0.04052122863992438,0.2446840713527725,0.0006117101783819313,34,sample,25,137
2008-04-30,1/N,0.03894017485690443,0.0442295676576885,0.00011057391914422125,34,sample,25,137
2008-04-30,GA-UQ,0.09983903373367847,0.04259910330958705,0.00010649775827396763,34,sample,25,137
2008-05-31,1/N,0.015128851564702,0.040233601173372074,0.00010058400293343019,34,sample,25,137
2008-05-31,GA-UQ,0.06818712014410105,0.24710766765612366,0.0006177691691403092,34,sample,25,137
2008-06-30,1/N,-0.1390917557002443,0.06306531001652317,0.00015766327504130792,34,sample,25,137
2008-06-30,GA-UQ,-0.07738027049377362,0.4316749608657308,0.0010791874021643271,34,sample,25,137
2008-07-31,1/N,-0.005316983156923178,0.041085664500993276,0.00010271416125248319,34,sample,25,137
2008-07-31,GA-UQ,-0.03161379110669614,0.020671635369995098,5.167908842498775e-05,34,sample,25,137
2008-08-31,1/N,0.04968459828924458,0.06106766927294617,0.00015266917318236542,34,sample,25,137
2008-08-31,GA-UQ,-0.046221555605630356,0.11851774816179003,0.0002962943704044751,34,sample,25,137
2008-09-30,1/N,-0.1209907342720385,0.05843368379842586,0.00014608420949606467,34,sample,25,137
2008-09-30,GA-UQ,-0.257930764041619,0.16637282030053652,0.0004159320507513413,34,sample,25,137
2008-10-31,1/N,-0.18362047528894943,0.05513449362289154,0.00013783623405722885,34,sample,25,137
2008-10-31,GA-UQ,-0.29063349735169597,0.12970587779877757,0.00032426469449694395,34,sample,25,137
2008-11-30,1/N,-0.057262713364886746,0.10250211149851839,0.00025625527874629595,34,sample,25,137
2008-11-30,GA-UQ,0.040208885684292255,0.7637308114382794,0.0019093270285956985,34,sample,25,137
2008-12-31,1/N,0.004828429689471007,0.12944328794332627,0.00032360821985831566,34,sample,25,137
2008-12-31,GA-UQ,0.010173752322305496,1.0102722306346477,0.0025256805765866194,34,sample,25,137
2009-01-31,1/N,-0.06776604287359174,0.09494718954043077,0.00023736797385107692,34,sample,25,137
2009-01-31,GA-UQ,-0.10880921228137783,0.3427120112434175,0.0008567800281085437,34,sample,25,137
2009-02-28,1/N,-0.08249800814783412,0.07537317251810541,0.00018843293129526352,34,sample,25,137
2009-02-28,GA-UQ,-0.02661880116378566,0.5735700417252011,0.0014339251043130029,34,sample,25,137
2009-03-31,1/N,0.05042372985884221,0.08465370598058218,0.00021163426495145546,34,sample,25,137
2009-03-31,GA-UQ,-0.01820120482052615,0.8653604710915126,0.0021634011777287815,34,sample,25,137
2009-04-30,1/N,0.1938717655890765,0.0933460043720558,0.0002333650109301395,34,sample,25,137
2009-04-30,GA-UQ,0.02008460735605683,0.5051947006970028,0.001262986751742507,34,sample,25,137
2009-05-31,1/N,0.01676502758821442,0.0810126483972366,0.0002025316209930915,34,sample,25,137
2009-05-31,GA-UQ,0.008640116047129347,0.5965345689494167,0.0014913364223735417,34,sample,25,137
2009-06-30,1/N,-0.030900044545374764,0.0990401000054203,0.0002476002500135507,34,sample,25,137
2009-06-30,GA-UQ,-0.030410344779375046,0.12319563691802671,0.00030798909229506677,34,sample,25,137
2009-07-31,1/N,0.14117884674177705,0.06713466789995146,0.00016783666974987864,34,sample,25,137
2009-07-31,GA-UQ,0.04816416208772716,0.682762282833548,0.00170690570708387,34,sample,25,137
2009-08-31,1/N,0.06750362094950346,0.03529530827310717,8.823827068276794e-05,34,sample,25,137
2009-08-31,GA-UQ,0.035538858475783204,0.13641177314008868,0.0003410294328502217,34,sample,25,137
2009-09-30,1/N,0.05609562121374658,0.06594315801903174,0.00016485789504757934,34,sample,25,137
2009-09-30,GA-UQ,0.03856328104599678,0.40060349306334736,0.0010015087326583683,34,sample,25,137
2009-10-31,1/N,-0.05477037467031338,0.05766800375599267,0.00014417000938998168,34,sample,25,137
2009-10-31,GA-UQ,-0.05129163500008589,0.5468656340288517,0.0013671640850721292,34,sample,25,137
2009-11-30,1/N,0.014843668977479189,0.048734301557889416,0.00012183575389472355,34,sample,25,137
2009-11-30,GA-UQ,0.020630314717386064,0.6882583163003644,0.001720645790750911,34,sample,25,137
2009-12-31,1/N,0.0901380196461285,0.049983664449873746,0.00012495916112468438,34,sample,25,137
2009-12-31,GA-UQ,0.06610919539192124,0.5004332041905523,0.0012510830104763807,34,sample,25,137
2010-01-31,1/N,-0.022895036444893446,0.04198278632525372,0.0001049569658131343,34,sample,25,137
2010-01-31,GA-UQ,-0.05710472764516394,0.39594366641877915,0.000989859166046948,34,sample,25,137
2010-02-28,1/N,-0.012736924863752195,0.04099610829356766,0.00010249027073391915,34,sample,25,137
2010-02-28,GA-UQ,0.03702433142687849,0.11132975889168414,0.00027832439722921034,34,sample,25,137
2010-03-31,1/N,0.0854665834626715,0.04222337327668398,0.00010555843319170996,34,sample,25,137
2010-03-31,GA-UQ,0.03454183871763761,0.6045729507186232,0.001511432376796558,34,sample,25,137
2010-04-30,1/N,-0.0009345619293641663,0.050085154954522475,0.00012521288738630618,34,sample,25,137
2010-04-30,GA-UQ,0.017330998372493776,0.32860660741747927,0.0008215165185436982,34,sample,25,137
2010-05-31,1/N,-0.06983017072952159,0.03931574554074519,9.828936385186298e-05,34,sample,25,137
2010-05-31,GA-UQ,-0.026346104445781945,0.3018730297317608,0.000754682574329402,34,sample,25,137
2010-06-30,1/N,-0.007699717927182953,0.036463647012806286,9.115911753201572e-05,34,sample,25,137
2010-06-30,GA-UQ,0.040784061650185756,0.3183964401954837,0.0007959911004887093,34,sample,25,137
2010-07-31,1/N,0.045992921584239725,0.05448718899224596,0.0001362179724806149,34,sample,25,137
2010-07-31,GA-UQ,0.003526036524829908,0.3725733308306558,0.0009314333270766395,34,sample,25,137
2010-08-31,1/N,-0.042019341786281916,0.04305021700685233,0.00010762554251713083,34,sample,25,137
2010-08-31,GA-UQ,-0.03507966834025934,0.26211159040242443,0.000655278976006061,34,sample,25,137
2010-09-30,1/N,0.08217791900827352,0.05110254750444585,0.00012775636876111464,34,sample,25,137
2010-09-30,GA-UQ,0.07860429667469222,0.471475261246464,0.00117868815311616,34,sample,25,137
2010-10-31,1/N,0.038484740409876456,0.03804046501961532,9.51011625490383e-05,34,sample,25,137
2010-10-31,GA-UQ,0.00530631040869977,0.574639474763296,0.00143659868690824,34,sample,25,137
2010-11-30,1/N,-0.0347715060237803,0.05081895825153186,0.00012704739562882967,34,sample,25,137
2010-11-30,GA-UQ,-0.009360117431342012,0.7913556796296293,0.0019783891990740733,34,sample,25,137
2010-12-31,1/N,0.07045540116281353,0.03668874065188342,9.172185162970855e-05,34,sample,25,137
2010-12-31,GA-UQ,0.05688086571916929,0.9910497460665729,0.0024776243651664326,34,sample,25,137
2011-01-31,1/N,0.044299250168390925,0.05456658583922677,0.00013641646459806693,34,sample,25,137
2011-01-31,GA-UQ,0.006649140315091383,0.8430046782252176,0.002107511695563044,34,sample,25,137
2011-02-28,1/N,0.032584029564083274,0.04608058851387866,0.00011520147128469665,34,sample,25,137
2011-02-28,GA-UQ,-0.021587040973071483,0.22907619887723865,0.0005726904971930966,34,sample,25,137
2011-03-31,1/N,-0.0274096003447035,0.05515993841315854,0.00013789984603289636,34,sample,25,137
2011-03-31,GA-UQ,-0.023335040792519756,0.17343848274411972,0.0004335962068602993,34,sample,25,137
2011-04-30,1/N,0.03647454269037965,0.050463458534210935,0.00012615864633552733,34,sample,25,137
2011-04-30,GA-UQ,0.022155006204755825,0.5737577557352475,0.0014343943893381187,34,sample,25,137
2011-05-31,1/N,-0.010664949752942207,0.035041950095186715,8.760487523796679e-05,34,sample,25,137
2011-05-31,GA-UQ,0.05083431841466206,0.1263576068982229,0.00031589401724555724,34,sample,25,137
2011-06-30,1/N,-0.004817272307599718,0.0367080838678006,9.17702096695015e-05,34,sample,25,137
2011-06-30,GA-UQ,0.012169574659539956,1.0200127518229436,0.002550031879557359,34,sample,25,137
2011-07-31,1/N,-0.07436159708017583,0.034678818854405824,8.669704713601456e-05,34,sample,25,137
2011-07-31,GA-UQ,0.009494652292211903,0.8954594451606901,0.0022386486129017252,34,sample,25,137
2011-08-31,1/N,-0.11676709592993925,0.03327672491552165,8.319181228880413e-05,34,sample,25,137
2011-08-31,GA-UQ,-0.07454388077784252,0.6009161669050933,0.0015022904172627334,34,sample,25,137
2011-09-30,1/N,-0.10284669047107121,0.06512678836480137,0.00016281697091200345,34,sample,25,137
2011-09-30,GA-UQ,-0.049394957817998714,0.9873470689314031,0.002468367672328508,34,sample,25,137
2011-10-31,1/N,0.1058862031282064,0.05773875405641614,0.00014434688514104035,34,sample,25,137
2011-10-31,GA-UQ,0.017807024972023144,0.13605033221287446,0.00034012583053218614,34,sample,25,137
2011-11-30,1/N,-0.053568123396653254,0.06551624862275678,0.00016379062155689195,34,sample,25,137
2011-11-30,GA-UQ,-0.004913918124716335,0.21424384793870718,0.0005356096198467679,34,sample,25,137
2011-12-31,1/N,-0.01707900367081171,0.05263590345710836,0.0001315897586427709,34,sample,25,137
2011-12-31,GA-UQ,0.013886053817002728,1.1644490204199234,0.0029111225510498086,34,sample,25,137
2012-01-31,1/N,0.08446469212292748,0.05886489454484083,0.0001471622363621021,34,sample,25,137
2012-01-31,GA-UQ,0.05527078161880256,0.7944856495982903,0.0019862141239957256,34,sample,25,137
2012-02-29,1/N,0.07673165819438948,0.0409783259769151,0.00010244581494228775,34,sample,25,137
2012-02-29,GA-UQ,0.022459452848847674,0.30612382052117476,0.0007653095513029369,34,sample,25,137
2012-03-31,1/N,-0.0010413735703847682,0.06378623879506981,0.00015946559698767454,34,sample,25,137
2012-03-31,GA-UQ,0.07135559991052243,0.5559333460905126,0.0013898333652262816,34,sample,25,137
2012-04-30,1/N,-0.06738425959285832,0.04736459219951451,0.00011841148049878628,34,sample,25,137
2012-04-30,GA-UQ,0.01705174502232403,0.8178959272594338,0.0020447398181485847,34,sample,25,137
2012-05-31,1/N,-0.06585013781306183,0.049276565262634825,0.00012319141315658707,34,sample,25,137
2012-05-31,GA-UQ,0.0022748967427723542,0.36138209119894354,0.0009034552279973589,34,sample,25,137
2012-06-30,1/N,0.04305034127532337,0.07368241052246421,0.00018420602630616053,34,sample,25,137
2012-06-30,GA-UQ,0.03230604822420322,0.21879665229355943,0.0005469916307338986,34,sample,25,137
2012-07-31,1/N,0.013159629455338323,0.054564149503591154,0.0001364103737589779,34,sample,25,137
2012-07-31,GA-UQ,0.007611842985681718,0.1721577364915756,0.000430394341228939,34,sample,25,137
2012-08-31,1/N,0.028533077641649755,0.04602662689418405,0.00011506656723546013,34,sample,25,137
2012-08-31,GA-UQ,-0.018762416528601642,0.026835443393359953,6.708860848339989e-05,34,sample,25,137
2012-09-30,1/N,-0.004980483890678118,0.05590469111527632,0.00013976172778819082,34,sample,25,137
2012-09-30,GA-UQ,0.04261440618674615,0.2685303114780153,0.0006713257786950383,34,sample,25,137
2012-10-31,1/N,-0.0009950532213800433,0.04190811094728869,0.00010477027736822172,34,sample,25,137
2012-10-31,GA-UQ,-0.012961938748376105,0.4752037263287093,0.0011880093158217733,34,sample,25,137
2012-11-30,1/N,0.04800119438444062,0.05417314402478497,0.00013543286006196243,34,sample,25,137
2012-11-30,GA-UQ,0.06282492427610092,0.1401623448965769,0.00035040586224144223,34,sample,25,137
2012-12-31,1/N,0.0356528134121922,0.052123239199960016,0.00013030809799990004,34,sample,25,137
2012-12-31,GA-UQ,0.00684586026900225,0.5389413069367708,0.001347353267341927,34,sample,25,137
2013-01-31,1/N,0.040270345195739715,0.02770454172330494,6.926135430826235e-05,34,sample,25,137
2013-01-31,GA-UQ,4.7377116869655206e-05,0.11923472756738543,0.00029808681891846356,34,sample,25,137
2013-02-28,1/N,0.0095758758954478,0.03574073480110118,8.935183700275296e-05,34,sample,25,137
2013-02-28,GA-UQ,0.05065003861147441,0.14433992328730066,0.00036084980821825166,34,sample,25,137
2013-03-31,1/N,0.001401472341122958,0.048424895789792394,0.00012106223947448099,34,sample,25,137
2013-03-31,GA-UQ,0.03759451866445742,0.14102275153434934,0.00035255687883587334,34,sample,25,137
2013-04-30,1/N,0.0190170466047888,0.04814701627093114,0.00012036754067732786,34,sample,25,137
2013-04-30,GA-UQ,0.015420892562879547,0.33365802187353677,0.000834145054683842,34,sample,25,137
2013-05-31,1/N,0.0461005742199163,0.044855566362469304,0.00011213891590617327,34,sample,25,137
2013-05-31,GA-UQ,0.030989848874559533,0.3427672729273733,0.0008569181823184333,34,sample,25,137
2013-06-30,1/N,-0.04172655425074375,0.040011890644603296,0.00010002972661150824,34,sample,25,137
2013-06-30,GA-UQ,-0.037536019559049096,0.4955803949601267,0.0012389509874003166,34,sample,25,137
2013-07-31,1/N,0.09091763249054675,0.06917745192585747,0.0001729436298146437,34,sample,25,137
2013-07-31,GA-UQ,0.08061225051825092,0.4944925755390959,0.0012362314388477398,34,sample,25,137
2013-08-31,1/N,-0.016510596562796846,0.037906982924264504,9.476745731066126e-05,34,sample,25,137
2013-08-31,GA-UQ,-0.032214199048582214,0.14819602746548557,0.00037049006866371394,34,sample,25,137
2013-09-30,1/N,0.07356558098174641,0.04741684452696623,0.00011854211131741558,34,sample,25,137
2013-09-30,GA-UQ,0.03386569185258489,1.0328100600072017,0.002582025150018004,34,sample,25,137
2013-10-31,1/N,0.04129640464749747,0.030144562090946906,7.536140522736727e-05,34,sample,25,137
2013-10-31,GA-UQ,-0.02022212933789968,1.0086685699393945,0.0025216714248484863,34,sample,25,137
2013-11-30,1/N,0.011083813200846938,0.04747816824321364,0.0001186954206080341,34,sample,25,137
2013-11-30,GA-UQ,-0.001255677141992819,0.42952931208649936,0.0010738232802162484,34,sample,25,137
2013-12-31,1/N,0.011089708077911929,0.05425805414382005,0.00013564513535955014,34,sample,25,137
2013-12-31,GA-UQ,0.030194556478940416,0.5617735804580425,0.0014044339511451063,34,sample,25,137
2014-01-31,1/N,-0.014930863496148158,0.03934239051692345,9.835597629230864e-05,34,sample,25,137
2014-01-31,GA-UQ,0.003981222291819866,0.4494212567754981,0.0011235531419387453,34,sample,25,137
2014-02-28,1/N,0.05119137291987379,0.034049402955158986,8.512350738789746e-05,34,sample,25,137
2014-02-28,GA-UQ,-0.0027959973088882823,0.5341547637693707,0.0013353869094234266,34,sample,25,137
2014-03-31,1/N,-0.0023245492787922167,0.04622443592201251,0.00011556108980503128,34,sample,25,137
2014-03-31,GA-UQ,-0.02887838083124287,0.8630595057562411,0.0021576487643906028,34,sample,25,137
2014-04-30,1/N,0.02610498932856928,0.04833831042740083,0.00012084577606850208,34,sample,25,137
2014-04-30,GA-UQ,-0.02490637668665303,0.5597663899114363,0.001399415974778591,34,sample,25,137
2014-05-31,1/N,0.006129825331930343,0.029117375840297745,7.279343960074436e-05,34,sample,25,137
2014-05-31,GA-UQ,0.01920587555349209,0.5058813512237128,0.001264703378059282,34,sample,25,137
2014-06-30,1/N,-0.033442669841529764,0.05209376144558486,0.00013023440361396217,34,sample,25,137
2014-06-30,GA-UQ,-0.013353243549017756,0.21207060483577092,0.0005301765120894273,34,sample,25,137
2014-07-31,1/N,-0.029461191824234723,0.03783948838387454,9.459872095968635e-05,34,sample,25,137
2014-07-31,GA-UQ,-0.04001725836705346,0.22708606126196362,0.0005677151531549091,34,sample,25,137
2014-08-31,1/N,0.01572108792487111,0.031868560720544725,7.967140180136181e-05,34,sample,25,137
2014-08-31,GA-UQ,0.05137876291260752,0.38900365895058464,0.0009725091473764616,34,sample,25,137
2014-09-30,1/N,-0.01647942341978679,0.04197877057808912,0.00010494692644522279,34,sample,25,137
2014-09-30,GA-UQ,-0.010444421061831233,0.6708013469869409,0.0016770033674673524,34,sample,25,137
2014-10-31,1/N,-0.018790791467322175,0.03278891335804025,8.197228339510063e-05,34,sample,25,137
2014-10-31,GA-UQ,0.0023604158614908624,0.30663128336629425,0.0007665782084157356,34,sample,25,137
2014-11-30,1/N,0.06358228153645326,0.034251058294872724,8.562764573718181e-05,34,sample,25,137
2014-11-30,GA-UQ,0.059518630746440954,0.9860979499421069,0.0024652448748552673,34,sample,25,137
2014-12-31,1/N,-0.001789749605967829,0.03949431902512821,9.873579756282054e-05,34,sample,25,137
2014-12-31,GA-UQ,-0.0038027788101081153,0.26831835962052003,0.0006707958990513001,34,sample,25,137
2015-01-31,1/N,0.0928088602541506,0.0423606177996857,0.00010590154449921426,34,sample,25,137
2015-01-31,GA-UQ,0.16411802870201764,0.2641156500025838,0.0006602891250064595,34,sample,25,137
2015-02-28,1/N,0.07902381654636714,0.033925301457639986,8.481325364409996e-05,34,sample,25,137
2015-02-28,GA-UQ,0.07850244157244333,0.26734046557016933,0.0006683511639254233,34,sample,25,137
2015-03-31,1/N,0.016969657317509993,0.04473708429226171,0.00011184271073065428,34,sample,25,137
2015-03-31,GA-UQ,0.03216950506950609,0.25722463682149416,0.0006430615920537354,34,sample,25,137
2015-04-30,1/N,0.007998575324625015,0.043087333035526976,0.00010771833258881744,34,sample,25,137
2015-04-30,GA-UQ,0.03691947157727804,0.3142423713379102,0.0007856059283447756,34,sample,25,137
2015-05-31,1/N,0.0053856181576476935,0.03126141536968989,7.815353842422473e-05,34,sample,25,137
2015-05-31,GA-UQ,0.01092406141851143,0.1675139093009093,0.0004187847732522733,34,sample,25,137
2015-06-30,1/N,-0.05266483026516798,0.043054063921733055,0.00010763515980433264,34,sample,25,137
2015-06-30,GA-UQ,-0.03732338043395178,0.5293803191730786,0.0013234507979326966,34,sample,25,137
2015-07-31,1/N,0.037567991380057376,0.030700668074160668,7.675167018540167e-05,34,sample,25,137
2015-07-31,GA-UQ,-0.042529846229818064,0.7202397855173421,0.0018005994637933554,34,sample,25,137
2015-08-31,1/N,-0.07646009934034263,0.025189814871573585,6.297453717893397e-05,34,sample,25,137
2015-08-31,GA-UQ,-0.08002662513279195,0.440913814283025,0.0011022845357075625,34,sample,25,137
2015-09-30,1/N,-0.03536291041200674,0.04853609164676141,0.00012134022911690354,34,sample,25,137
2015-09-30,GA-UQ,0.02073423442297195,1.1744578180372003,0.0029361445450930006,34,sample,25,137
2015-10-31,1/N,0.10166659859712353,0.04006635297264605,0.00010016588243161513,34,sample,25,137
2015-10-31,GA-UQ,0.05024347521835875,0.4334117229326727,0.0010835293073316818,34,sample,25,137
2015-11-30,1/N,0.01843377125738344,0.053204687999298825,0.00013301171999824708,34,sample,25,137
2015-11-30,GA-UQ,0.029131167773698573,0.7955484432940516,0.001988871108235129,34,sample,25,137
2015-12-31,1/N,-0.0480972728851923,0.04537019162641391,0.00011342547906603479,34,sample,25,137
2015-12-31,GA-UQ,-0.02502477275652383,0.618688467706707,0.0015467211692667677,34,sample,25,137
2016-01-31,1/N,-0.04526994337372438,0.03926780868926079,9.816952172315197e-05,34,sample,25,137
2016-01-31,GA-UQ,-0.05889475688353727,0.3916440695820614,0.0009791101739551535,34,sample,25,137
2016-02-29,1/N,-0.021377213443578347,0.04310971919870313,0.00010777429799675782,34,sample,25,137
2016-02-29,GA-UQ,0.010826166661618382,0.18467572100999374,0.0004616893025249844,34,sample,25,137
2016-03-31,1/N,0.038086278585608514,0.05380493630699499,0.00013451234076748749,34,sample,25,137
2016-03-31,GA-UQ,0.051427811007524436,0.3211625416706123,0.0008029063541765308,34,sample,25,137
2016-04-30,1/N,0.010795786209968853,0.05236157715471238,0.00013090394288678094,34,sample,25,137
2016-04-30,GA-UQ,-0.018679529401850577,0.4717520028381489,0.0011793800070953723,34,sample,25,137
2016-05-31,1/N,0.014641725395730307,0.06052869860781656,0.0001513217465195414,34,sample,25,137
2016-05-31,GA-UQ,0.023076835702328016,0.422061087752343,0.0010551527193808576,34,sample,25,137
2016-06-30,1/N,-0.0694800257239433,0.046647570971141764,0.00011661892742785442,34,sample,25,137
2016-06-30,GA-UQ,-0.07424681863439384,0.25567740431024294,0.0006391935107756074,34,sample,25,137
2016-07-31,1/N,0.0820404694048888,0.030145048543463115,7.536262135865779e-05,34,sample,25,137
2016-07-31,GA-UQ,0.07514093566402137,0.4471622867380134,0.0011179057168450334,34,sample,25,137
2016-08-31,1/N,0.0014085328940037281,0.05150227121960636,0.0001287556780490159,34,sample,25,137
2016-08-31,GA-UQ,-0.021454198453078527,0.500403545097741,0.0012510088627443526,34,sample,25,137
2016-09-30,1/N,0.016590937773929806,0.06299568600188715,0.00015748921500471788,34,sample,25,137
2016-09-30,GA-UQ,0.05693721773151452,0.16533596292502492,0.0004133399073125623,34,sample,25,137
2016-10-31,1/N,0.0185327879822502,0.028600578842086482,7.15014471052162e-05,34,sample,25,137
2016-10-31,GA-UQ,0.034012927898281385,0.2919850848748024,0.000729962712187006,34,sample,25,137
2016-11-30,1/N,0.005993346153133568,0.02634721313171943,6.586803282929858e-05,34,sample,25,137
2016-11-30,GA-UQ,0.04857300373624924,0.1777741626726544,0.000444435406681636,34,sample,25,137
2016-12-31,1/N,0.058935425166633575,0.05237474975601748,0.00013093687439004372,34,sample,25,137
2016-12-31,GA-UQ,0.011504787348628746,0.1163832167068235,0.00029095804176705874,34,sample,25,137
2017-01-31,1/N,-0.0022040948642503082,0.04175642900369409,0.00010439107250923523,34,sample,25,137
2017-01-31,GA-UQ,-0.038951078552178754,0.2006932186264073,0.0005017330465660183,34,sample,25,137
2017-02-28,1/N,0.03237009163388986,0.029233063710011647,7.308265927502912e-05,34,sample,25,137
2017-02-28,GA-UQ,0.05236032149760765,0.271523040799159,0.0006788076019978975,34,sample,25,137
2017-03-31,1/N,0.04869855363491321,0.043680917985018636,0.00010920229496254659,34,sample,25,137
2017-03-31,GA-UQ,0.010331082160476908,0.4678684865520737,0.0011696712163801843,34,sample,25,137
2017-04-30,1/N,0.03053990126203995,0.03901951052911109,9.754877632277772e-05,34,sample,25,137
2017-04-30,GA-UQ,0.03719695703510739,0.7192555385389395,0.0017981388463473489,34,sample,25,137
2017-05-31,1/N,0.010137430859555534,0.03350754369429355,8.376885923573388e-05,34,sample,25,137
2017-05-31,GA-UQ,0.013376098049989855,0.2519618062729656,0.000629904515682414,34,sample,25,137
2017-06-30,1/N,-0.031030234443877147,0.030733767253435115,7.683441813358779e-05,34,sample,25,137
2017-06-30,GA-UQ,-0.05476518653128084,0.939849251577714,0.0023496231289442853,34,sample,25,137
2017-07-31,1/N,0.003210458732687198,0.03341066295184651,8.352665737961628e-05,34,sample,25,137
2017-07-31,GA-UQ,-0.00591325240098926,0.5836389667337416,0.001459097416834354,34,sample,25,137
2017-08-31,1/N,-0.008043368837913787,0.028624427482327384,7.156106870581846e-05,34,sample,25,137
2017-08-31,GA-UQ,-0.009820077009661851,0.28401680824322567,0.0007100420206080642,34,sample,25,137
2017-09-30,1/N,0.06264810172669609,0.03100770132530534,7.751925331326335e-05,34,sample,25,137
2017-09-30,GA-UQ,0.04122996245400451,0.4614503713262825,0.0011536259283157063,34,sample,25,137
2017-10-31,1/N,0.03298511880574188,0.02910626510748089,7.276566276870224e-05,34,sample,25,137
2017-10-31,GA-UQ,-0.010745185080857301,0.11104016057020007,0.0002776004014255002,34,sample,25,137
2017-11-30,1/N,-0.009933568954547828,0.041460806526637375,0.00010365201631659344,34,sample,25,137
2017-11-30,GA-UQ,-0.056673942377782914,0.2852528978740378,0.0007131322446850945,34,sample,25,137
2017-12-31,1/N,0.0013941761611250447,0.044267059351315946,0.00011066764837828986,34,sample,25,137
2017-12-31,GA-UQ,0.009793417857712018,0.3841420292955514,0.0009603550732388786,34,sample,25,137
2018-01-31,1/N,0.030123178905653632,0.03007296121487464,7.51824030371866e-05,34,sample,25,137
2018-01-31,GA-UQ,0.0312600197233166,0.6063001539401464,0.001515750384850366,34,sample,25,137
2018-02-28,1/N,-0.02457235716578433,0.022301648475014483,5.575412118753621e-05,34,sample,25,137
2018-02-28,GA-UQ,-0.020021587990528743,0.8391682385229936,0.002097920596307484,34,sample,25,137
2018-03-31,1/N,-0.023683433164826104,0.03112556625981391,7.781391564953477e-05,34,sample,25,137
2018-03-31,GA-UQ,0.030814317514662876,0.29988448804960643,0.0007497112201240161,34,sample,25,137
2018-04-30,1/N,0.05321279967944484,0.03924881447571682,9.812203618929205e-05,34,sample,25,137
2018-04-30,GA-UQ,0.07409297590386546,0.37008607663419824,0.0009252151915854956,34,sample,25,137
2018-05-31,1/N,-0.004141428658696439,0.04525015956823134,0.00011312539892057836,34,sample,25,137
2018-05-31,GA-UQ,0.07254396003280267,0.2137085615689655,0.0005342714039224138,34,sample,25,137
2018-06-30,1/N,-0.035027137593663125,0.045314389808701075,0.0001132859745217527,34,sample,25,137
2018-06-30,GA-UQ,-0.012535725716756011,0.48704855644836037,0.001217621391120901,34,sample,25,137
2018-07-31,1/N,0.020989932841311804,0.05016834406796027,0.0001254208601699007,34,sample,25,137
2018-07-31,GA-UQ,-0.03221302819324561,0.2625680887600737,0.0006564202219001843,34,sample,25,137
2018-08-31,1/N,-0.01986493007344135,0.04445255229071905,0.00011113138072679763,34,sample,25,137
2018-08-31,GA-UQ,0.04645578472675691,0.23793454228875188,0.0005948363557218797,34,sample,25,137
2018-09-30,1/N,0.014014041250357101,0.03987848728158791,9.969621820396977e-05,34,sample,25,137
2018-09-30,GA-UQ,-0.037251659205856276,0.708907909773744,0.0017722697744343599,34,sample,25,137
2018-10-31,1/N,-0.08056560813545814,0.03976929671284475,9.942324178211188e-05,34,sample,25,137
2018-10-31,GA-UQ,-0.14559293521613725,0.687428922075649,0.0017185723051891225,34,sample,25,137
2018-11-30,1/N,-0.022518941313547407,0.039303109326747236,9.825777331686809e-05,34,sample,25,137
2018-11-30,GA-UQ,-0.03751501253119677,0.36701054829464713,0.0009175263707366178,34,sample,25,137
2018-12-31,1/N,-0.05630308092009595,0.06319519549107713,0.00015798798872769285,34,sample,25,137
2018-12-31,GA-UQ,-0.0032883429059477444,0.8752205672854093,0.002188051418213523,34,sample,25,137
2019-01-31,1/N,0.06038628416464421,0.04436365839276552,0.0001109091459819138,34,sample,25,137
2019-01-31,GA-UQ,0.04497056754142559,0.5738473728384926,0.0014346184320962315,34,sample,25,137
2019-02-28,1/N,0.05277323694743015,0.04185302600857702,0.00010463256502144255,34,sample,25,137
2019-02-28,GA-UQ,0.08571002109137611,0.5065481051294694,0.0012663702628236734,34,sample,25,137
2019-03-31,1/N,-0.008646901207620093,0.044280447891985444,0.00011070111972996361,34,sample,25,137
2019-03-31,GA-UQ,0.03036851290791605,0.27593529083715795,0.0006898382270928949,34,sample,25,137
2019-04-30,1/N,0.060138666651171103,0.04095278800181208,0.00010238197000453021,34,sample,25,137
2019-04-30,GA-UQ,0.060181027209370214,0.2731095422757593,0.0006827738556893983,34,sample,25,137
2019-05-31,1/N,-0.0831232584916837,0.046167133306180885,0.00011541783326545221,34,sample,25,137
2019-05-31,GA-UQ,-0.11037637186131458,0.5310490649928894,0.0013276226624822235,34,sample,25,137
2019-06-30,1/N,0.0635748292410221,0.04659796131748832,0.0001164949032937208,34,sample,25,137
2019-06-30,GA-UQ,0.10834036389193968,0.08252333662086377,0.00020630834155215943,34,sample,25,137
2019-07-31,1/N,-0.005341795706492394,0.06190034192679518,0.00015475085481698794,34,sample,25,137
2019-07-31,GA-UQ,-0.08125962586251717,0.4542378076029325,0.0011355945190073312,34,sample,25,137
2019-08-31,1/N,-0.014175032308084305,0.05015595053101032,0.0001253898763275258,34,sample,25,137
2019-08-31,GA-UQ,-0.04668067760198418,0.12442097729025617,0.0003110524432256404,34,sample,25,137
2019-09-30,1/N,0.0412528037930826,0.042265672747184374,0.00010566418186796094,34,sample,25,137
2019-09-30,GA-UQ,0.04344460457716035,0.9443518533579245,0.002360879633394811,34,sample,25,137
2019-10-31,1/N,0.00658876572102602,0.05199216139820975,0.00012998040349552437,34,sample,25,137
2019-10-31,GA-UQ,0.04112507871636673,0.6224379009208745,0.0015560947523021863,34,sample,25,137
2019-11-30,1/N,0.027740089024507787,0.0475714784618262,0.00011892869615456551,34,sample,25,137
2019-11-30,GA-UQ,0.05647221844131486,0.6027196473124804,0.001506799118281201,34,sample,25,137
2019-12-31,1/N,0.0030977288074066594,0.048269954412304666,0.00012067488603076166,34,sample,25,137
2019-12-31,GA-UQ,-0.014068368012075522,0.31419713180826253,0.0007854928295206563,34,sample,25,137
2020-01-31,1/N,-0.03342524688820583,0.04160973237707055,0.00010402433094267639,34,sample,25,137
2020-01-31,GA-UQ,0.0011068429207118074,0.5597112631141997,0.0013992781577854994,34,sample,25,137
2020-02-29,1/N,-0.08265824595353659,0.03388832052769217,8.472080131923041e-05,34,sample,25,137
2020-02-29,GA-UQ,-0.08663583592562323,1.1493231666305528,0.002873307916576382,34,sample,25,137
2020-03-31,1/N,-0.18052862396069447,0.05829179179301168,0.00014572947948252922,34,sample,25,137
2020-03-31,GA-UQ,-0.22738740533833443,1.1110572865766872,0.002777643216441718,34,sample,25,137
2020-04-30,1/N,0.06032417364706623,0.039250696448870824,9.812674112217706e-05,34,sample,25,137
2020-04-30,GA-UQ,-0.01508416905299356,0.6855602558871984,0.001713900639717996,34,sample,25,137
2020-05-31,1/N,0.021782631001128396,0.1209852506222839,0.00030246312655570975,34,sample,25,137
2020-05-31,GA-UQ,0.049977010984547855,0.5891645063526442,0.0014729112658816105,34,sample,25,137
2020-06-30,1/N,0.04744365664286995,0.06951065049062437,0.00017377662622656092,34,sample,25,137
2020-06-30,GA-UQ,0.05757903133127049,1.0400599210907322,0.0026001498027268307,34,sample,25,137
2020-07-31,1/N,-0.03673351814474734,0.047860987811861114,0.00011965246952965279,34,sample,25,137
2020-07-31,GA-UQ,-0.01054293250886734,0.4022160050108753,0.0010055400125271881,34,sample,25,137
2020-08-31,1/N,0.05883401548771513,0.04445298347870059,0.00011113245869675147,34,sample,25,137
2020-08-31,GA-UQ,0.006757098954817603,0.2202236952636773,0.0005505592381591933,34,sample,25,137
2020-09-30,1/N,-0.01666951225958891,0.05357286902843758,0.00013393217257109396,34,sample,25,137
2020-09-30,GA-UQ,-0.0049542363113727,0.36128785237250494,0.0009032196309312623,34,sample,25,137
2020-10-31,1/N,-0.04651272663194004,0.05374824957973512,0.0001343706239493378,34,sample,25,137
2020-10-31,GA-UQ,-0.05470548413883156,0.6417098545109196,0.001604274636277299,34,sample,25,137
2020-11-30,1/N,0.2214161503679803,0.05923291075936792,0.0001480822768984198,34,sample,25,137
2020-11-30,GA-UQ,0.08546829349702521,0.5314508367339471,0.0013286270918348678,34,sample,25,137
2020-12-31,1/N,0.015158374590275888,0.05648871024922441,0.00014122177562306103,34,sample,25,137
2020-12-31,GA-UQ,0.03484868785296453,0.2883989424478102,0.0007209973561195256,34,sample,25,137
2021-01-31,1/N,-0.020544952784307652,0.08854210344518958,0.00022135525861297396,34,sample,25,137
2021-01-31,GA-UQ,-0.049264306670309156,0.21955135496090267,0.0005488783874022567,34,sample,25,137
2021-02-28,1/N,0.05526709285628172,0.04288596297114022,0.00010721490742785055,34,sample,25,137
2021-02-28,GA-UQ,0.04518413843487266,0.6281789706130497,0.0015704474265326243,34,sample,25,137
2021-03-31,1/N,0.057549536766355554,0.046267065701626,0.00011566766425406502,34,sample,25,137
2021-03-31,GA-UQ,0.07501664148808207,0.04254849977270492,0.0001063712494317623,34,sample,25,137
2021-04-30,1/N,0.01296113961168747,0.058899408733204296,0.00014724852183301075,34,sample,25,137
2021-04-30,GA-UQ,0.07321220120786899,0.5544145125031223,0.0013860362812578059,34,sample,25,137
2021-05-31,1/N,0.010016994250898666,0.043030868879357,0.0001075771721983925,34,sample,25,137
2021-05-31,GA-UQ,0.057357712042823236,0.08322251410127288,0.0002080562852531822,34,sample,25,137
2021-06-30,1/N,-0.007106196137649887,0.04193210317322081,0.00010483025793305203,34,sample,25,137
2021-06-30,GA-UQ,0.022186343486815065,0.16200327232165732,0.0004050081808041433,34,sample,25,137
2021-07-31,1/N,-0.0008936058855936782,0.0335544175871003,8.388604396775076e-05,34,sample,25,137
2021-07-31,GA-UQ,0.022323183761758326,0.15040316673952653,0.0003760079168488163,34,sample,25,137
2021-08-31,1/N,0.022403128708997633,0.03834476015496585,9.586190038741463e-05,34,sample,25,137
2021-08-31,GA-UQ,-0.03883671413896367,0.2793480480522474,0.0006983701201306185,34,sample,25,137
2021-09-30,1/N,-0.008477080094895293,0.05996547157422458,0.00014991367893556144,34,sample,25,137
2021-09-30,GA-UQ,-0.05070930077759214,0.22875674453751105,0.0005718918613437776,34,sample,25,137
2021-10-31,1/N,0.029340802309399158,0.039890162555246945,9.972540638811737e-05,34,sample,25,137
2021-10-31,GA-UQ,0.09935394826574737,0.6185095620292989,0.0015462739050732472,34,sample,25,137
2021-11-30,1/N,-0.04349544068668954,0.04556859971467125,0.00011392149928667812,34,sample,25,137
2021-11-30,GA-UQ,0.017405267787885106,0.6348246978673999,0.0015870617446685,34,sample,25,137
2021-12-31,1/N,0.06224266453045146,0.04019589687794894,0.00010048974219487234,34,sample,25,137
2021-12-31,GA-UQ,0.02340861404883534,1.052512693106477,0.0026312817327661924,34,sample,25,137
2022-01-31,1/N,-0.01837803608704413,0.059127033265837195,0.000147817583164593,34,sample,25,137
2022-01-31,GA-UQ,-0.0677174571351102,0.04186305101210023,0.00010465762753025058,34,sample,25,137
2022-02-28,1/N,-0.0420469710723262,0.033385107858898415,8.346276964724604e-05,34,sample,25,137
2022-02-28,GA-UQ,-0.05845993082605553,0.049978296126995725,0.0001249457403174893,34,sample,25,137
2022-03-31,1/N,-0.017058936095938962,0.06724548131273864,0.00016811370328184659,34,sample,25,137
2022-03-31,GA-UQ,0.002821299323827994,0.4695311834486984,0.001173827958621746,34,sample,25,137
2022-04-30,1/N,-0.009361916906461269,0.07628051760483137,0.00019070129401207843,34,sample,25,137
2022-04-30,GA-UQ,-0.06338471100074897,0.10266117189330592,0.00025665292973326483,34,sample,25,137
2022-05-31,1/N,0.007143382734471309,0.06700653005573962,0.00016751632513934905,34,sample,25,137
2022-05-31,GA-UQ,-0.0032597548414327847,0.5410764822935117,0.0013526912057337792,34,sample,25,137
2022-06-30,1/N,-0.12327494463296751,0.04419623334350431,0.00011049058335876077,34,sample,25,137
2022-06-30,GA-UQ,-0.1136011731028642,0.6081888689163766,0.0015204721722909414,34,sample,25,137
2022-07-31,1/N,0.06331942522553194,0.06591611502623283,0.00016479028756558208,34,sample,25,137
2022-07-31,GA-UQ,0.0993144540321994,0.608230753505687,0.0015205768837642175,34,sample,25,137
2022-08-31,1/N,-0.04633589168996853,0.09241658167755391,0.00023104145419388479,34,sample,25,137
2022-08-31,GA-UQ,-0.040517901245185395,1.1076390015338387,0.0027690975038345968,34,sample,25,137
2022-09-30,1/N,-0.0867218834208119,0.06769784340346283,0.00016924460850865707,34,sample,25,137
2022-09-30,GA-UQ,-0.06509448696975394,0.4291472093833333,0.0010728680234583332,34,sample,25,137
2022-10-31,1/N,0.09285439996987148,0.049514298640459295,0.00012378574660114824,34,sample,25,137
2022-10-31,GA-UQ,0.03807910150918399,0.6795922963461833,0.0016989807408654585,34,sample,25,137
2022-11-30,1/N,0.06921292346774797,0.051092292406097396,0.00012773073101524348,34,sample,25,137
2022-11-30,GA-UQ,0.09623886026379398,0.6969843103002019,0.0017424607757505048,34,sample,25,137
2022-12-31,1/N,-0.04504373843999495,0.061682959862532874,0.00015420739965633218,34,sample,25,137
2022-12-31,GA-UQ,-0.050034986087197524,0.2601377012694795,0.0006503442531736988,34,sample,25,137
2023-01-31,1/N,0.12286093608391616,0.04378621716240066,0.00010946554290600165,34,sample,25,137
2023-01-31,GA-UQ,0.11711429044370224,0.10231014545934326,0.00025577536364835814,34,sample,25,137
2023-02-28,1/N,0.04201271835307748,0.03445583208133337,8.613958020333343e-05,34,sample,25,137
2023-02-28,GA-UQ,-0.0012101601388450093,0.2712277781103022,0.0006780694452757555,34,sample,25,137
2023-03-31,1/N,-0.02726842262773834,0.06377013440862914,0.00015942533602157286,34,sample,25,137
2023-03-31,GA-UQ,0.03546192129443006,0.34483631637892836,0.0008620907909473209,34,sample,25,137
2023-04-30,1/N,0.019374928891113412,0.04089326466284112,0.0001022331616571028,34,sample,25,137
2023-04-30,GA-UQ,0.031985283223753276,0.33712307049016643,0.000842807676225416,34,sample,25,137
2023-05-31,1/N,-0.0497889930189142,0.059365229914925266,0.00014841307478731316,34,sample,25,137
2023-05-31,GA-UQ,-0.08408293864065758,0.6154986690173034,0.0015387466725432586,34,sample,25,137
2023-06-30,1/N,0.03506350528867377,0.05506404654227452,0.0001376601163556863,34,sample,25,137
2023-06-30,GA-UQ,0.04919134642669233,0.36093689452159616,0.0009023422363039905,34,sample,25,137
2023-07-31,1/N,-0.0009059460808796606,0.05687517310185096,0.00014218793275462741,34,sample,25,137
2023-07-31,GA-UQ,-0.008943267551144784,0.6418639183049948,0.001604659795762487,34,sample,25,137
2023-08-31,1/N,-0.029020083658802973,0.04538728496558025,0.00011346821241395062,34,sample,25,137
2023-08-31,GA-UQ,-0.036701361381765336,0.1654258136212766,0.0004135645340531915,34,sample,25,137
2023-09-30,1/N,-0.047968613090660306,0.05533166996390573,0.00013832917490976435,34,sample,25,137
2023-09-30,GA-UQ,-0.03929268449799412,0.2693615051808018,0.0006734037629520046,34,sample,25,137
2023-10-31,1/N,-0.05327417363062761,0.0478082680031198,0.0001195206700077995,34,sample,25,137
2023-10-31,GA-UQ,-0.009532721224600731,0.136531461672854,0.00034132865418213496,34,sample,25,137
2023-11-30,1/N,0.04129410120802861,0.062181886656954566,0.00015545471664238643,34,sample,25,137
2023-11-30,GA-UQ,0.05140494409181181,0.8650612841119008,0.002162653210279752,34,sample,25,137
2023-12-31,1/N,0.042722271130311705,0.0897460696535897,0.00022436517413397425,34,sample,25,137
2023-12-31,GA-UQ,0.02083526698009641,0.5383061224844335,0.001345765306211084,34,sample,25,137
2024-01-31,1/N,-0.018288113152204615,0.05841631268598401,0.00014604078171496002,34,sample,25,137
2024-01-31,GA-UQ,0.04339064391454854,0.29989197397948203,0.0007497299349487051,34,sample,25,137
2024-02-29,1/N,-0.0012439526501871856,0.04502633983550035,0.00011256584958875088,34,sample,25,137
2024-02-29,GA-UQ,0.01377261659271026,0.3970792463950197,0.0009926981159875492,34,sample,25,137
2024-03-31,1/N,0.00601762386230635,0.06893772644607146,0.00017234431611517866,34,sample,25,137
2024-03-31,GA-UQ,0.06341659285060638,0.3650584154207549,0.0009126460385518873,34,sample,25,137
2024-04-30,1/N,-0.029335703007489212,0.08172044857221673,0.00020430112143054183,34,sample,25,137
2024-04-30,GA-UQ,0.010171389424565153,0.2926078161266377,0.0007315195403165943,34,sample,25,137
2024-05-31,1/N,0.02256638386243596,0.08836972085604339,0.00022092430214010848,34,sample,25,137
2024-05-31,GA-UQ,0.0029756587142900372,0.1505368846449383,0.00037634221161234575,34,sample,25,137
2024-06-30,1/N,-0.08705473885185859,0.051213140713395326,0.00012803285178348832,34,sample,25,137
2024-06-30,GA-UQ,-0.06908885889398352,0.22893469632400998,0.000572336740810025,34,sample,25,137
2024-07-31,1/N,0.006487223478237948,0.0549160389078024,0.00013729009726950602,34,sample,25,137
2024-07-31,GA-UQ,-0.022136907216269402,0.2737923909159548,0.000684480977289887,34,sample,25,137
2024-08-31,1/N,-0.005574574678923117,0.06251650843147728,0.0001562912710786932,34,sample,25,137
2024-08-31,GA-UQ,0.019823679799604785,0.39535162300403603,0.0009883790575100902,34,sample,25,137
2024-09-30,1/N,-0.004037206631479066,0.05319429044498679,0.00013298572611246696,34,sample,25,137
2024-09-30,GA-UQ,-0.03130562837350228,0.30853844197521724,0.0007713461049380431,34,sample,25,137
2024-10-31,1/N,-0.01643057980756509,0.03762781111429066,9.406952778572665e-05,34,sample,25,137
2024-10-31,GA-UQ,0.02977345878178348,0.648113853979049,0.0016202846349476225,34,sample,25,137
2003-03-31,1/N,-0.07024699871208541,0.0,0.0,34,ewma,5,137
2003-03-31,GA-UQ,0.042170413993086894,0.0,0.0,34,ewma,5,137
2003-04-30,1/N,0.17501176955843853,0.06792824299288255,3.396412149644128e-05,34,ewma,5,137
2003-04-30,GA-UQ,0.039600876623669824,0.22700583554320036,0.00011350291777160018,34,ewma,5,137
2003-05-31,1/N,0.05353190287343253,0.08873135705686638,4.4365678528433194e-05,34,ewma,5,137
2003-05-31,GA-UQ,0.05186579619738741,0.21705825765354508,0.00010852912882677255,34,ewma,5,137
2003-06-30,1/N,0.03212558252740981,0.06769661655422204,3.3848308277111024e-05,34,ewma,5,137
2003-06-30,GA-UQ,-0.050434537070229206,0.16753881994672246,8.376940997336123e-05,34,ewma,5,137
2003-07-31,1/N,0.05298292866637371,0.08525571311648739,4.2627856558243696e-05,34,ewma,5,137
2003-07-31,GA-UQ,-0.009997339934139536,0.03849568246500723,1.9247841232503616e-05,34,ewma,5,137
2003-08-31,1/N,0.0391186781361559,0.056562389875960975,2.8281194937980487e-05,34,ewma,5,137
2003-08-31,GA-UQ,0.02125425984507333,0.32947633873951504,0.00016473816936975752,34,ewma,5,137
2003-09-30,1/N,-0.03567798515167903,0.05390435338488627,2.6952176692443136e-05,34,ewma,5,137
2003-09-30,GA-UQ,0.020891247719966245,0.28566177276243565,0.00014283088638121784,34,ewma,5,137
2003-10-31,1/N,0.0876985668278593,0.057321731400811364,2.8660865700405682e-05,34,ewma,5,137
2003-10-31,GA-UQ,0.02248939504391754,0.5618345915748737,0.00028091729578743686,34,ewma,5,137
2003-11-30,1/N,0.014169484344665254,0.06919936247436151,3.459968123718075e-05,34,ewma,5,137
2003-11-30,GA-UQ,0.052464943303579994,0.47677238715019477,0.00023838619357509738,34,ewma,5,137
2003-12-31,1/N,-0.0011564352923715598,0.048614103445944024,2.430705172297201e-05,34,ewma,5,137
2003-12-31,GA-UQ,-0.012859079819305258,0.13533794184545006,6.766897092272503e-05,34,ewma,5,137
2004-01-31,1/N,0.04800654823531113,0.04389192378110868,2.194596189055434e-05,34,ewma,5,137
2004-01-31,GA-UQ,0.0018881015969631513,0.5642719596239939,0.000282135979811997,34,ewma,5,137
2004-02-29,1/N,0.037679283672145736,0.05671334945058758,2.835667472529379e-05,34,ewma,5,137
2004-02-29,GA-UQ,0.0904738891568183,1.1270403819309065,0.0005635201909654533,34,ewma,5,137
2004-03-31,1/N,-0.020307780229662425,0.06676589858758236,3.3382949293791185e-05,34,ewma,5,137
2004-03-31,GA-UQ,0.09269792499311337,0.5012685265165825,0.00025063426325829126,34,ewma,5,137
2004-04-30,1/N,0.008498501503966176,0.04841538435509293,2.4207692177546468e-05,34,ewma,5,137
2004-04-30,GA-UQ,0.018387690690802178,0.20541298843518452,0.00010270649421759227,34,ewma,5,137
2004-05-31,1/N,-0.011421554390825994,0.04949718199300593,2.4748590996502964e-05,34,ewma,5,137
2004-05-31,GA-UQ,0.06768250583042887,0.25251928456100897,0.00012625964228050448,34,ewma,5,137
2004-06-30,1/N,0.03064992208720895,0.040543483716571724,2.027174185828586e-05,34,ewma,5,137
2004-06-30,GA-UQ,0.05078301508954457,0.28628092722293064,0.00014314046361146531,34,ewma,5,137
2004-07-31,1/N,-0.03753445356726557,0.043543048859607345,2.1771524429803673e-05,34,ewma,5,137
2004-07-31,GA-UQ,-0.0011253563969460506,0.25635713952557854,0.00012817856976278928,34,ewma,5,137
2004-08-31,1/N,-0.021450360299037803,0.0335720003829896,1.67860001914948e-05,34,ewma,5,137
2004-08-31,GA-UQ,0.075517814238482,0.4537052181305805,0.00022685260906529027,34,ewma,5,137
2004-09-30,1/N,-0.00037001761953294203,0.05653213242125431,2.8266066210627154e-05,34,ewma,5,137
2004-09-30,GA-UQ,0.04120655550448025,0.24315306784640756,0.00012157653392320378,34,ewma,5,137
2004-10-31,1/N,0.025219606258484354,0.04722034753127935,2.3610173765639677e-05,34,ewma,5,137
2004-10-31,GA-UQ,0.06545785639097984,0.30069736573577927,0.00015034868286788964,34,ewma,5,137
2004-11-30,1/N,0.03491045427235525,0.04070443627211974,2.0352218136059872e-05,34,ewma,5,137
2004-11-30,GA-UQ,0.07414237820737006,0.6557065458121726,0.0003278532729060863,34,ewma,5,137
2004-12-31,1/N,0.018652335904767222,0.04284357224463524,2.142178612231762e-05,34,ewma,5,137
2004-12-31,GA-UQ,-0.0677706284484251,0.22304677145156915,0.00011152338572578457,34,ewma,5,137
2005-01-31,1/N,0.024055030707372093,0.03830681359388601,1.9153406796943005e-05,34,ewma,5,137
2005-01-31,GA-UQ,0.002767387682783578,0.07462356746558799,3.731178373279399e-05,34,ewma,5,137
2005-02-28,1/N,0.03799177345702073,0.042643157470357004,2.1321578735178502e-05,34,ewma,5,137
2005-02-28,GA-UQ,0.06568210033193725,0.5353730236594304,0.0002676865118297152,34,ewma,5,137
2005-03-31,1/N,-0.014309263237717557,0.04993126963490874,2.496563481745437e-05,34,ewma,5,137
2005-03-31,GA-UQ,-0.11744355485989204,0.2284644242716464,0.0001142322121358232,34,ewma,5,137
2005-04-30,1/N,-0.05918816669121445,0.049091254184006075,2.454562709200304e-05,34,ewma,5,137
2005-04-30,GA-UQ,-0.17894967364050798,0.354173939781,0.0001770869698905,34,ewma,5,137
2005-05-31,1/N,0.05923199239601731,0.040503280674783634,2.0251640337391817e-05,34,ewma,5,137
2005-05-31,GA-UQ,0.06215589617149329,0.6175016565384475,0.0003087508282692237,34,ewma,5,137
2005-06-30,1/N,0.03827448055666081,0.04488339020816326,2.2441695104081632e-05,34,ewma,5,137
2005-06-30,GA-UQ,0.06580413646032449,1.0484151336956127,0.0005242075668478064,34,ewma,5,137
2005-07-31,1/N,0.0514113404189297,0.028074061745664555,1.4037030872832278e-05,34,ewma,5,137
2005-07-31,GA-UQ,0.05920890626033176,0.18074148605216764,9.037074302608382e-05,34,ewma,5,137
2005-08-31,1/N,-0.012107514157130584,0.03433638097910576,1.7168190489552882e-05,34,ewma,5,137
2005-08-31,GA-UQ,0.002958772651913963,0.30286298590206556,0.0001514314929510328,34,ewma,5,137
2005-09-30,1/N,0.05149070828539665,0.04002221383961395,2.0011106919806974e-05,34,ewma,5,137
2005-09-30,GA-UQ,0.013563460617540553,0.3315168989931614,0.0001657584494965807,34,ewma,5,137
2005-10-31,1/N,-0.03842013517913392,0.0359745005543432,1.7987250277171603e-05,34,ewma,5,137
2005-10-31,GA-UQ,-0.09928936447130751,0.04994194951766769,2.4970974758833847e-05,34,ewma,5,137
2005-11-30,1/N,0.03443471526790145,0.039852827071629904,1.992641353581495e-05,34,ewma,5,137
2005-11-30,GA-UQ,0.04834650158776184,0.450308089540076,0.000225154044770038,34,ewma,5,137
2005-12-31,1/N,0.021759882880587004,0.03924949866206455,1.9624749331032276e-05,34,ewma,5,137
2005-12-31,GA-UQ,0.021123876541241777,0.5874860581428563,0.00029374302907142816,34,ewma,5,137
2006-01-31,1/N,0.04986880571900029,0.04258452437100112,2.129226218550056e-05,34,ewma,5,137
2006-01-31,GA-UQ,0.15337796503684478,0.5301565380520189,0.00026507826902600945,34,ewma,5,137
2006-02-28,1/N,0.015316498645376524,0.028036228136513908,1.4018114068256955e-05,34,ewma,5,137
2006-02-28,GA-UQ,-0.010234416092635949,0.44157474375969574,0.00022078737187984786,34,ewma,5,137
2006-03-31,1/N,0.03459714272933943,0.04788073210731128,2.394036605365564e-05,34,ewma,5,137
2006-03-31,GA-UQ,0.06872735927775138,0.5089429165693005,0.00025447145828465023,34,ewma,5,137
2006-04-30,1/N,-0.00044613439483346616,0.04183020496397766,2.091510248198883e-05,34,ewma,5,137
2006-04-30,GA-UQ,-0.03733576035407728,0.02181233955458157,1.0906169777290786e-05,34,ewma,5,137
2006-05-31,1/N,-0.06357201547846478,0.03773246825539111,1.8866234127695555e-05,34,ewma,5,137
2006-05-31,GA-UQ,-0.09522956311565531,0.12362263843236099,6.181131921618049e-05,34,ewma,5,137
2006-06-30,1/N,-0.00249033225435547,0.03886893278079881,1.9434466390399405e-05,34,ewma,5,137
2006-06-30,GA-UQ,0.029447221847274323,0.47404573420242846,0.00023702286710121424,34,ewma,5,137
2006-07-31,1/N,-0.015505435685956753,0.03313987908493561,1.6569939542467806e-05,34,ewma,5,137
2006-07-31,GA-UQ,0.02528165122847349,0.44179400396419294,0.00022089700198209646,34,ewma,5,137
2006-08-31,1/N,0.054488296183477426,0.038839666177064414,1.9419833088532206e-05,34,ewma,5,137
2006-08-31,GA-UQ,0.02603860398246738,0.2671508007026969,0.00013357540035134846,34,ewma,5,137
2006-09-30,1/N,0.01546287976673018,0.057490380988281374,2.8745190494140688e-05,34,ewma,5,137
2006-09-30,GA-UQ,0.040606967698561196,0.6372761466479915,0.00031863807332399574,34,ewma,5,137
2006-10-31,1/N,0.02630239227511741,0.03194546713474139,1.5972733567370695e-05,34,ewma,5,137
2006-10-31,GA-UQ,0.0785483520099845,0.47423193940359165,0.00023711596970179584,34,ewma,5,137
2006-11-30,1/N,0.005509477622107574,0.032986260072917266,1.6493130036458634e-05,34,ewma,5,137
2006-11-30,GA-UQ,0.004806617430169486,0.016685807889181562,8.342903944590781e-06,34,ewma,5,137
2006-12-31,1/N,0.04020959798034402,0.03716206343136362,1.8581031715681812e-05,34,ewma,5,137
2006-12-31,GA-UQ,0.02342669973720669,0.41560206889617196,0.00020780103444808598,34,ewma,5,137
2007-01-31,1/N,0.027930801327494134,0.03929339316259329,1.9646696581296643e-05,34,ewma,5,137
2007-01-31,GA-UQ,0.09356716741142132,0.048647828081002265,2.4323914040501132e-05,34,ewma,5,137
2007-02-28,1/N,-0.00041958681772253503,0.03333555013180094,1.666777506590047e-05,34,ewma,5,137
2007-02-28,GA-UQ,0.013587107486108132,0.2786311896273859,0.00013931559481369297,34,ewma,5,137
2007-03-31,1/N,0.04531163499304747,0.04392801096210377,2.1964005481051883e-05,34,ewma,5,137
2007-03-31,GA-UQ,0.08002422202928346,0.19815921737624748,9.907960868812374e-05,34,ewma,5,137
2007-04-30,1/N,0.04100844269829835,0.039313703737600895,1.9656851868800448e-05,34,ewma,5,137
2007-04-30,GA-UQ,0.012527047284260887,0.08334995976514667,4.167497988257334e-05,34,ewma,5,137
2007-05-31,1/N,0.023135051226483266,0.04573893249413805,2.2869466247069027e-05,34,ewma,5,137
2007-05-31,GA-UQ,0.037780302635393406,0.06790518568540445,3.3952592842702226e-05,34,ewma,5,137
2007-06-30,1/N,0.00037407521222789327,0.03906390624084333,1.9531953120421665e-05,34,ewma,5,137
2007-06-30,GA-UQ,-0.005695547404156764,0.3028057978278374,0.0001514028989139187,34,ewma,5,137
2007-07-31,1/N,-0.0425101159330815,0.039225612215776556,1.961280610788828e-05,34,ewma,5,137
2007-07-31,GA-UQ,0.003635820746385877,0.34701374901474874,0.00017350687450737437,34,ewma,5,137
2007-08-31,1/N,-0.015271243089034749,0.03716924820202608,1.858462410101304e-05,34,ewma,5,137
2007-08-31,GA-UQ,0.008767601162874958,0.30591127507479793,0.00015295563753739896,34,ewma,5,137
2007-09-30,1/N,0.0025485180337861857,0.03733544481341605,1.8667722406708027e-05,34,ewma,5,137
2007-09-30,GA-UQ,0.08905691539491342,0.4653363256884989,0.00023266816284424945,34,ewma,5,137
2007-10-31,1/N,0.02552598423071166,0.030063350863336703,1.5031675431668351e-05,34,ewma,5,137
2007-10-31,GA-UQ,0.1214377034273034,0.22853847585937906,0.00011426923792968953,34,ewma,5,137
2007-11-30,1/N,-0.06794313247658788,0.04612294414049171,2.3061472070245855e-05,34,ewma,5,137
2007-11-30,GA-UQ,-0.06336871394783188,0.09151970391211732,4.575985195605866e-05,34,ewma,5,137
2007-12-31,1/N,-0.022249755787452672,0.03878536745070024,1.939268372535012e-05,34,ewma,5,137
2007-12-31,GA-UQ,-0.03252709032853267,0.04376862249075551,2.1884311245377757e-05,34,ewma,5,137
2008-01-31,1/N,-0.12539928878991105,0.05820580748207088,2.910290374103544e-05,34,ewma,5,137
2008-01-31,GA-UQ,-0.09270723584883817,0.29842661459694864,0.00014921330729847433,34,ewma,5,137
2008-02-29,1/N,-1.9282692067833362e-05,0.04767973794627639,2.3839868973138197e-05,34,ewma,5,137
2008-02-29,GA-UQ,0.056499573135019764,0.2904825140235901,0.00014524125701179504,34,ewma,5,137
2008-03-31,1/N,-0.011513055750347142,0.04988782262379364,2.494391131189682e-05,34,ewma,5,137
2008-03-31,GA-UQ,-0.02067496908670662,0.35476285317883854,0.00017738142658941928,34,ewma,5,137
2008-04-30,1/N,0.039028633992219806,0.0442295676576885,2.211478382884425e-05,34,ewma,5,137
2008-04-30,GA-UQ,0.08012651679671084,0.3218630391504671,0.00016093151957523357,34,ewma,5,137
2008-05-31,1/N,0.015209318767048743,0.040233601173372074,2.0116800586686038e-05,34,ewma,5,137
2008-05-31,GA-UQ,0.09078410270013479,0.189829047440434,9.4914523720217e-05,34,ewma,5,137
2008-06-30,1/N,-0.13896562508021126,0.06306531001652317,3.153265500826159e-05,34,ewma,5,137
2008-06-30,GA-UQ,-0.08253589962156409,0.12129493272373343,6.064746636186672e-05,34,ewma,5,137
2008-07-31,1/N,-0.005234811827921192,0.041085664500993276,2.0542832250496638e-05,34,ewma,5,137
2008-07-31,GA-UQ,-0.02598800284663075,0.03347214219744321,1.6736071098721607e-05,34,ewma,5,137
2008-08-31,1/N,0.04980673362779048,0.06106766927294617,3.053383463647309e-05,34,ewma,5,137
2008-08-31,GA-UQ,-0.04551610522348805,0.22723012820383978,0.00011361506410191989,34,ewma,5,137
2008-09-30,1/N,-0.12087386690444166,0.05843368379842586,2.921684189921293e-05,34,ewma,5,137
2008-09-30,GA-UQ,-0.25772109754081796,0.2797318771351131,0.00013986593856755655,34,ewma,5,137
2008-10-31,1/N,-0.18351020630170364,0.05513449362289154,2.7567246811445768e-05,34,ewma,5,137
2008-10-31,GA-UQ,-0.2951724656263589,0.013004347666410145,6.502173833205073e-06,34,ewma,5,137
2008-11-30,1/N,-0.05705770914188971,0.10250211149851839,5.1251055749259194e-05,34,ewma,5,137
2008-11-30,GA-UQ,0.006962058730192143,1.0329775394018077,0.0005164887697009039,34,ewma,5,137
2008-12-31,1/N,0.005087316265357659,0.12944328794332627,6.472164397166314e-05,34,ewma,5,137
2008-12-31,GA-UQ,0.015119771199874366,1.2151866652216048,0.0006075933326108024,34,ewma,5,137
2009-01-31,1/N,-0.06757614849451088,0.09494718954043077,4.747359477021539e-05,34,ewma,5,137
2009-01-31,GA-UQ,-0.11315770974444936,0.2262004817826716,0.00011310024089133581,34,ewma,5,137
2009-02-28,1/N,-0.0823472618027979,0.07537317251810541,3.76865862590527e-05,34,ewma,5,137
2009-02-28,GA-UQ,-0.021610471302011314,0.2967781520584386,0.00014838907602921932,34,ewma,5,137
2009-03-31,1/N,0.05059303727080338,0.08465370598058218,4.232685299029109e-05,34,ewma,5,137
2009-03-31,GA-UQ,-0.03508325076126684,1.0390089701653786,0.0005195044850826894,34,ewma,5,137
2009-04-30,1/N,0.19405845759782062,0.0933460043720558,4.66730021860279e-05,34,ewma,5,137
2009-04-30,GA-UQ,0.008391872336771158,0.31469898670175306,0.00015734949335087652,34,ewma,5,137
2009-05-31,1/N,0.016927052885008894,0.0810126483972366,4.05063241986183e-05,34,ewma,5,137
2009-05-31,GA-UQ,0.032682837198183864,0.5760422420591472,0.00028802112102957364,34,ewma,5,137
2009-06-30,1/N,-0.030701964345363923,0.0990401000054203,4.952005000271015e-05,34,ewma,5,137
2009-06-30,GA-UQ,-0.04500230260375219,0.3765594143837563,0.00018827970719187816,34,ewma,5,137
2009-07-31,1/N,0.14131311607757696,0.06713466789995146,3.356733394997573e-05,34,ewma,5,137
2009-07-31,GA-UQ,0.05169989977161697,0.2295322033459944,0.0001147661016729972,34,ewma,5,137
2009-08-31,1/N,0.06757421156604967,0.03529530827310717,1.7647654136553588e-05,34,ewma,5,137
2009-08-31,GA-UQ,0.03134484730575893,0.2977322447052097,0.00014886612235260485,34,ewma,5,137
2009-09-30,1/N,0.05622750752978465,0.06594315801903174,3.297157900951587e-05,34,ewma,5,137
2009-09-30,GA-UQ,0.03356102794875441,0.5489611632820847,0.0002744805816410423,34,ewma,5,137
2009-10-31,1/N,-0.05465503866280139,0.05766800375599267,2.8834001877996333e-05,34,ewma,5,137
2009-10-31,GA-UQ,-0.05826037661097325,0.19140895069696165,9.570447534848082e-05,34,ewma,5,137
2009-11-30,1/N,0.014941137580594968,0.048734301557889416,2.4367150778944708e-05,34,ewma,5,137
2009-11-30,GA-UQ,0.015147799303392578,0.4559724275668179,0.00022798621378340895,34,ewma,5,137
2009-12-31,1/N,0.09023798697502824,0.049983664449873746,2.4991832224936875e-05,34,ewma,5,137
2009-12-31,GA-UQ,0.06485186382459457,0.4378554982997847,0.00021892774914989235,34,ewma,5,137
2010-01-31,1/N,-0.022811070872242937,0.04198278632525372,2.099139316262686e-05,34,ewma,5,137
2010-01-31,GA-UQ,-0.05708949275572344,0.396435355542116,0.00019821767777105802,34,ewma,5,137
2010-02-28,1/N,-0.012654932647165058,0.04099610829356766,2.049805414678383e-05,34,ewma,5,137
2010-02-28,GA-UQ,0.027181945388788712,0.12328080652247898,6.164040326123949e-05,34,ewma,5,137
2010-03-31,1/N,0.08555103020922486,0.04222337327668398,2.111168663834199e-05,34,ewma,5,137
2010-03-31,GA-UQ,0.03666329721696216,0.8311527508787742,0.00041557637543938706,34,ewma,5,137
2010-04-30,1/N,-0.0008343916194551215,0.050085154954522475,2.504257747726124e-05,34,ewma,5,137
2010-04-30,GA-UQ,0.03503739676187962,0.5019913343441298,0.0002509956671720649,34,ewma,5,137
2010-05-31,1/N,-0.0697515392384401,0.03931574554074519,1.9657872770372597e-05,34,ewma,5,137
2010-05-31,GA-UQ,-0.02857069907321935,0.5123011092803066,0.0002561505546401533,34,ewma,5,137
2010-06-30,1/N,-0.00762679063315734,0.036463647012806286,1.8231823506403144e-05,34,ewma,5,137
2010-06-30,GA-UQ,0.05113531264410792,0.4520669204362251,0.00022603346021811256,34,ewma,5,137
2010-07-31,1/N,0.04610189596222422,0.05448718899224596,2.724359449612298e-05,34,ewma,5,137
2010-07-31,GA-UQ,-0.0010692194218336608,0.2030744565524409,0.00010153722827622046,34,ewma,5,137
2010-08-31,1/N,-0.04193324135226821,0.04305021700685233,2.152510850342617e-05,34,ewma,5,137
2010-08-31,GA-UQ,-0.03342743202521827,0.3342370104023181,0.00016711850520115907,34,ewma,5,137
2010-09-30,1/N,0.0822801241032824,0.05110254750444585,2.5551273752222926e-05,34,ewma,5,137
2010-09-30,GA-UQ,0.0872703315128075,0.37328749705116837,0.0001866437485255842,34,ewma,5,137
2010-10-31,1/N,0.03856082133991569,0.03804046501961532,1.902023250980766e-05,34,ewma,5,137
2010-10-31,GA-UQ,0.0054907645347130225,0.42148211945068065,0.00021074105972534034,34,ewma,5,137
2010-11-30,1/N,-0.034669868107277235,0.05081895825153186,2.540947912576593e-05,34,ewma,5,137
2010-11-30,GA-UQ,-0.015774260613999166,0.2428374998345467,0.00012141874991727335,34,ewma,5,137
2010-12-31,1/N,0.0705287786441173,0.03668874065188342,1.834437032594171e-05,34,ewma,5,137
2010-12-31,GA-UQ,0.07237389239875458,0.4909825932627408,0.0002454912966313704,34,ewma,5,137
2011-01-31,1/N,0.04440838334006938,0.05456658583922677,2.7283292919613386e-05,34,ewma,5,137
2011-01-31,GA-UQ,-4.497303591294001e-05,0.6019512043828097,0.00030097560219140485,34,ewma,5,137
2011-02-28,1/N,0.03267619074111103,0.04608058851387866,2.304029425693933e-05,34,ewma,5,137
2011-02-28,GA-UQ,-0.017563823386751064,0.44905001379594717,0.0002245250068979736,34,ewma,5,137
2011-03-31,1/N,-0.027299280467877184,0.05515993841315854,2.757996920657927e-05,34,ewma,5,137
2011-03-31,GA-UQ,-0.02916681534035422,0.36171242766680295,0.00018085621383340147,34,ewma,5,137
2011-04-30,1/N,0.03657546960744807,0.050463458534210935,2.5231729267105467e-05,34,ewma,5,137
2011-04-30,GA-UQ,0.019407044466084683,0.8890942441246436,0.0004445471220623218,34,ewma,5,137
2011-05-31,1/N,-0.010594865852751833,0.035041950095186715,1.7520975047593357e-05,34,ewma,5,137
2011-05-31,GA-UQ,0.04522243136466522,0.12115346174246304,6.057673087123152e-05,34,ewma,5,137
2011-06-30,1/N,-0.004743856139864117,0.0367080838678006,1.83540419339003e-05,34,ewma,5,137
2011-06-30,GA-UQ,0.013782149549610018,0.826681520243981,0.0004133407601219905,34,ewma,5,137
2011-07-31,1/N,-0.07429223944246702,0.034678818854405824,1.7339409427202913e-05,34,ewma,5,137
2011-07-31,GA-UQ,-0.010244576057332061,0.3375416632507215,0.00016877083162536075,34,ewma,5,137
2011-08-31,1/N,-0.11670054248010821,0.03327672491552165,1.6638362457760826e-05,34,ewma,5,137
2011-08-31,GA-UQ,-0.0802810097964316,0.7779788718100606,0.00038898943590503035,34,ewma,5,137
2011-09-30,1/N,-0.10271643689434161,0.06512678836480137,3.256339418240069e-05,34,ewma,5,137
2011-09-30,GA-UQ,-0.06186028958889446,1.104627401839435,0.0005523137009197176,34,ewma,5,137
2011-10-31,1/N,0.10600168063631923,0.05773875405641614,2.886937702820807e-05,34,ewma,5,137
2011-10-31,GA-UQ,0.020024452800847192,0.23143692749861577,0.0001157184637493079,34,ewma,5,137
2011-11-30,1/N,-0.05343709089940774,0.06551624862275678,3.275812431137839e-05,34,ewma,5,137
2011-11-30,GA-UQ,-0.009526215360662466,0.4961087544941058,0.0002480543772470529,34,ewma,5,137
2011-12-31,1/N,-0.016973731863897494,0.05263590345710836,2.631795172855418e-05,34,ewma,5,137
2011-12-31,GA-UQ,0.021925231337090238,0.9184633296933014,0.0004592316648466507,34,ewma,5,137
2012-01-31,1/N,0.08458242191201716,0.05886489454484083,2.9432447272420417e-05,34,ewma,5,137
2012-01-31,GA-UQ,0.06156114870112484,0.9011670943804165,0.0004505835471902083,34,ewma,5,137
2012-02-29,1/N,0.07681361484634332,0.0409783259769151,2.0489162988457552e-05,34,ewma,5,137
2012-02-29,GA-UQ,0.05693910857628822,0.572640308156958,0.000286320154078479,34,ewma,5,137
2012-03-31,1/N,-0.0009138010927946286,0.06378623879506981,3.1893119397534903e-05,34,ewma,5,137
2012-03-31,GA-UQ,0.06266940597129007,0.5431862398066829,0.0002715931199033415,34,ewma,5,137
2012-04-30,1/N,-0.06728953040845928,0.04736459219951451,2.3682296099757257e-05,34,ewma,5,137
2012-04-30,GA-UQ,-0.0016169363745327276,0.45161472615455894,0.00022580736307727947,34,ewma,5,137
2012-05-31,1/N,-0.06575158468253656,0.049276565262634825,2.463828263131741e-05,34,ewma,5,137
2012-05-31,GA-UQ,-0.0057295491664294184,0.5125556764397439,0.00025627783821987194,34,ewma,5,137
2012-06-30,1/N,0.04319770609636829,0.07368241052246421,3.6841205261232106e-05,34,ewma,5,137
2012-06-30,GA-UQ,0.03125417890310404,1.4024740464949728,0.0007012370232474864,34,ewma,5,137
2012-07-31,1/N,0.013268757754345507,0.054564149503591154,2.7282074751795578e-05,34,ewma,5,137
2012-07-31,GA-UQ,-0.011364008354801163,0.9485039001523888,0.00047425195007619444,34,ewma,5,137
2012-08-31,1/N,0.02862513089543812,0.04602662689418405,2.3013313447092024e-05,34,ewma,5,137
2012-08-31,GA-UQ,-0.004617544270842436,0.14457518632528255,7.228759316264127e-05,34,ewma,5,137
2012-09-30,1/N,-0.004868674508447565,0.05590469111527632,2.795234555763816e-05,34,ewma,5,137
2012-09-30,GA-UQ,0.03568150981905747,0.5334947248821682,0.0002667473624410841,34,ewma,5,137
2012-10-31,1/N,-0.0009112369994854658,0.04190811094728869,2.0954055473644344e-05,34,ewma,5,137
2012-10-31,GA-UQ,0.010761548086444715,0.35160993551186304,0.00017580496775593152,34,ewma,5,137
2012-11-30,1/N,0.048109540672490195,0.05417314402478497,2.7086572012392488e-05,34,ewma,5,137
2012-11-30,GA-UQ,0.058321418353028114,0.1735647378751874,8.67823689375937e-05,34,ewma,5,137
2012-12-31,1/N,0.03575705989059212,0.052123239199960016,2.606161959998001e-05,34,ewma,5,137
2012-12-31,GA-UQ,0.01260942212949983,0.7710084109740392,0.0003855042054870196,34,ewma,5,137
2013-01-31,1/N,0.040325754279186325,0.02770454172330494,1.385227086165247e-05,34,ewma,5,137
2013-01-31,GA-UQ,0.012751673693479283,0.07524297679443662,3.762148839721831e-05,34,ewma,5,137
2013-02-28,1/N,0.009647357365050003,0.03574073480110118,1.7870367400550592e-05,34,ewma,5,137
2013-02-28,GA-UQ,0.04777363272130423,0.1955385392000123,9.776926960000614e-05,34,ewma,5,137
2013-03-31,1/N,0.0014983221327025428,0.048424895789792394,2.4212447894896198e-05,34,ewma,5,137
2013-03-31,GA-UQ,0.014098746923822791,0.16227377393825598,8.113688696912799e-05,34,ewma,5,137
2013-04-30,1/N,0.019113340637330663,0.04814701627093114,2.407350813546557e-05,34,ewma,5,137
2013-04-30,GA-UQ,0.039545380097453085,0.4591418698942828,0.0002295709349471414,34,ewma,5,137
2013-05-31,1/N,0.04619028535264124,0.044855566362469304,2.242778318123465e-05,34,ewma,5,137
2013-05-31,GA-UQ,0.047382254384567384,0.44237293179655346,0.00022118646589827672,34,ewma,5,137
2013-06-30,1/N,-0.041646530469454546,0.040011890644603296,2.0005945322301648e-05,34,ewma,5,137
2013-06-30,GA-UQ,-0.03426684829984892,0.5211281129845862,0.00026056405649229307,34,ewma,5,137
2013-07-31,1/N,0.09105598739439846,0.06917745192585747,3.4588725962928737e-05,34,ewma,5,137
2013-07-31,GA-UQ,0.09289779277069583,0.6145814307500236,0.00030729071537501177,34,ewma,5,137
2013-08-31,1/N,-0.01643478259694832,0.037906982924264504,1.895349146213225e-05,34,ewma,5,137
2013-08-31,GA-UQ,-0.03296964113407377,0.12311274919567891,6.155637459783946e-05,34,ewma,5,137
2013-09-30,1/N,0.07366041467080034,0.04741684452696623,2.3708422263483115e-05,34,ewma,5,137
2013-09-30,GA-UQ,0.04236318998197063,0.7242016371851284,0.0003621008185925642,34,ewma,5,137
2013-10-31,1/N,0.04135669377167936,0.030144562090946906,1.5072281045473453e-05,34,ewma,5,137
2013-10-31,GA-UQ,-0.014685150992515944,0.3642212568489488,0.0001821106284244744,34,ewma,5,137
2013-11-30,1/N,0.011178769537333365,0.04747816824321364,2.373908412160682e-05,34,ewma,5,137
2013-11-30,GA-UQ,0.0017386536553595053,0.3353212239841239,0.00016766061199206196,34,ewma,5,137
2013-12-31,1/N,0.01119822418619957,0.05425805414382005,2.712902707191003e-05,34,ewma,5,137
2013-12-31,GA-UQ,0.037506258500714686,0.6642539926949977,0.0003321269963474989,34,ewma,5,137
2014-01-31,1/N,-0.01485217871511431,0.03934239051692345,1.9671195258461728e-05,34,ewma,5,137
2014-01-31,GA-UQ,0.00632358575146972,0.4584483659946204,0.00022922418299731022,34,ewma,5,137
2014-02-28,1/N,0.0512594717257841,0.034049402955158986,1.7024701477579492e-05,34,ewma,5,137
2014-02-28,GA-UQ,0.002616074298063287,0.5367358543920809,0.0002683679271960405,34,ewma,5,137
2014-03-31,1/N,-0.0022321004069481916,0.04622443592201251,2.3112217961006253e-05,34,ewma,5,137
2014-03-31,GA-UQ,-0.02721888970585725,0.30440778019421005,0.00015220389009710502,34,ewma,5,137
2014-04-30,1/N,0.026201665949424083,0.04833831042740083,2.4169155213700418e-05,34,ewma,5,137
2014-04-30,GA-UQ,-0.039745824205983084,0.5173231714609547,0.0002586615857304774,34,ewma,5,137
2014-05-31,1/N,0.006188060083610938,0.029117375840297745,1.4558687920148873e-05,34,ewma,5,137
2014-05-31,GA-UQ,0.021969567783484818,0.546180665449805,0.0002730903327249025,34,ewma,5,137
2014-06-30,1/N,-0.0333384823186386,0.05209376144558486,2.6046880722792433e-05,34,ewma,5,137
2014-06-30,GA-UQ,-0.011697690816659742,0.44232091093200876,0.00022116045546600438,34,ewma,5,137
2014-07-31,1/N,-0.029385512847466974,0.03783948838387454,1.891974419193727e-05,34,ewma,5,137
2014-07-31,GA-UQ,-0.02725267334729231,0.09609314962533737,4.804657481266868e-05,34,ewma,5,137
2014-08-31,1/N,0.0157848250463122,0.031868560720544725,1.5934280360272362e-05,34,ewma,5,137
2014-08-31,GA-UQ,0.024877731190132594,0.38398995612440795,0.00019199497806220397,34,ewma,5,137
2014-09-30,1/N,-0.01639546587863061,0.04197877057808912,2.098938528904456e-05,34,ewma,5,137
2014-09-30,GA-UQ,-0.011079355072956041,0.17787208019905706,8.893604009952853e-05,34,ewma,5,137
2014-10-31,1/N,-0.018725213640606093,0.03278891335804025,1.6394456679020127e-05,34,ewma,5,137
2014-10-31,GA-UQ,0.0022730437051156765,0.10732061802110308,5.366030901055154e-05,34,ewma,5,137
2014-11-30,1/N,0.063650783653043,0.034251058294872724,1.7125529147436364e-05,34,ewma,5,137
2014-11-30,GA-UQ,0.07036474913395467,0.6783203542109877,0.00033916017710549387,34,ewma,5,137
2014-12-31,1/N,-0.0017107609679175727,0.03949431902512821,1.9747159512564106e-05,34,ewma,5,137
2014-12-31,GA-UQ,-0.0023768597172391646,0.3677435899082207,0.00018387179495411035,34,ewma,5,137
2015-01-31,1/N,0.09289358148974997,0.0423606177996857,2.1180308899842853e-05,34,ewma,5,137
2015-01-31,GA-UQ,0.16086368358017147,0.18146719056498598,9.073359528249299e-05,34,ewma,5,137
2015-02-28,1/N,0.07909166714928242,0.033925301457639986,1.6962650728819995e-05,34,ewma,5,137
2015-02-28,GA-UQ,0.0867301889889887,0.3881090444662901,0.00019405452223314503,34,ewma,5,137
2015-03-31,1/N,0.017059131486094517,0.04473708429226171,2.2368542146130855e-05,34,ewma,5,137
2015-03-31,GA-UQ,0.026653135478986865,0.35647257654716086,0.00017823628827358043,34,ewma,5,137
2015-04-30,1/N,0.008084749990696069,0.043087333035526976,2.1543666517763487e-05,34,ewma,5,137
2015-04-30,GA-UQ,0.045303336107933016,0.32450939955427366,0.00016225469977713684,34,ewma,5,137
2015-05-31,1/N,0.005448140988387073,0.03126141536968989,1.5630707684844947e-05,34,ewma,5,137
2015-05-31,GA-UQ,0.0029806605568371237,0.67268918722066,0.00033634459361033,34,ewma,5,137
2015-06-30,1/N,-0.052578722137324514,0.043054063921733055,2.152703196086653e-05,34,ewma,5,137
2015-06-30,GA-UQ,-0.03509750755369699,0.6231368747021825,0.00031156843735109124,34,ewma,5,137
2015-07-31,1/N,0.0376293927162057,0.030700668074160668,1.5350334037080335e-05,34,ewma,5,137
2015-07-31,GA-UQ,-0.061245124160859934,0.5556792728002851,0.00027783963640014254,34,ewma,5,137
2015-08-31,1/N,-0.07640971971059948,0.025189814871573585,1.2594907435786792e-05,34,ewma,5,137
2015-08-31,GA-UQ,-0.07883910232801243,0.3791678254510677,0.00018958391272553386,34,ewma,5,137
2015-09-30,1/N,-0.035265838228713216,0.04853609164676141,2.4268045823380706e-05,34,ewma,5,137
2015-09-30,GA-UQ,0.03822588158975677,1.075586017213301,0.0005377930086066505,34,ewma,5,137
2015-10-31,1/N,0.10174673130306881,0.04006635297264605,2.0033176486323022e-05,34,ewma,5,137
2015-10-31,GA-UQ,0.06723550210888837,0.6465303344522758,0.00032326516722613793,34,ewma,5,137
2015-11-30,1/N,0.018540180633382038,0.053204687999298825,2.6602343999649415e-05,34,ewma,5,137
2015-11-30,GA-UQ,0.031033810311253997,0.7527562400183045,0.00037637812000915227,34,ewma,5,137
2015-12-31,1/N,-0.04800653250193947,0.04537019162641391,2.2685095813206955e-05,34,ewma,5,137
2015-12-31,GA-UQ,-0.026893357557057653,0.34117839344093626,0.00017058919672046814,34,ewma,5,137
2016-01-31,1/N,-0.04519140775634586,0.03926780868926079,1.9633904344630394e-05,34,ewma,5,137
2016-01-31,GA-UQ,-0.05400877846016318,0.13191239763820412,6.595619881910205e-05,34,ewma,5,137
2016-02-29,1/N,-0.02129099400518094,0.04310971919870313,2.1554859599351566e-05,34,ewma,5,137
2016-02-29,GA-UQ,0.017056007092320833,0.2394101970955239,0.00011970509854776196,34,ewma,5,137
2016-03-31,1/N,0.038193888458222504,0.05380493630699499,2.6902468153497496e-05,34,ewma,5,137
2016-03-31,GA-UQ,0.05317817918511995,0.4111500806983847,0.00020557504034919235,34,ewma,5,137
2016-04-30,1/N,0.010900509364278277,0.05236157715471238,2.6180788577356192e-05,34,ewma,5,137
2016-04-30,GA-UQ,-0.011799364066028021,0.23553197705174483,0.00011776598852587241,34,ewma,5,137
2016-05-31,1/N,0.01476278279294594,0.06052869860781656,3.026434930390828e-05,34,ewma,5,137
2016-05-31,GA-UQ,0.015102657323140367,0.519838506898694,0.000259919253449347,34,ewma,5,137
2016-06-30,1/N,-0.06938673058200101,0.046647570971141764,2.332378548557088e-05,34,ewma,5,137
2016-06-30,GA-UQ,-0.040004330897879685,0.08913716193897626,4.456858096948813e-05,34,ewma,5,137
2016-07-31,1/N,0.08210075950197572,0.030145048543463115,1.5072524271731558e-05,34,ewma,5,137
2016-07-31,GA-UQ,0.0885894536819235,0.4179277574663303,0.00020896387873316517,34,ewma,5,137
2016-08-31,1/N,0.001511537436442941,0.05150227121960636,2.5751135609803183e-05,34,ewma,5,137
2016-08-31,GA-UQ,-0.023595764395263785,0.4880796878570965,0.00024403984392854826,34,ewma,5,137
2016-09-30,1/N,0.01671692914593358,0.06299568600188715,3.1497843000943574e-05,34,ewma,5,137
2016-09-30,GA-UQ,0.059110424597617034,0.30634011426584695,0.00015317005713292347,34,ewma,5,137
2016-10-31,1/N,0.01858998913993437,0.028600578842086482,1.4300289421043242e-05,34,ewma,5,137
2016-10-31,GA-UQ,0.030771684856319554,0.14243821209696944,7.121910604848473e-05,34,ewma,5,137
2016-11-30,1/N,0.006046040579397007,0.02634721313171943,1.3173606565859715e-05,34,ewma,5,137
2016-11-30,GA-UQ,0.05343168032411239,0.26929110880845475,0.00013464555440422738,34,ewma,5,137
2016-12-31,1/N,0.05904017466614561,0.05237474975601748,2.618737487800874e-05,34,ewma,5,137
2016-12-31,GA-UQ,0.010265895105391378,0.0555007242011803,2.775036210059015e-05,34,ewma,5,137
2017-01-31,1/N,-0.00212058200624292,0.04175642900369409,2.0878214501847046e-05,34,ewma,5,137
2017-01-31,GA-UQ,-0.04180904607790013,0.1634174161523692,8.170870807618461e-05,34,ewma,5,137
2017-02-28,1/N,0.03242855776130989,0.029233063710011647,1.4616531855005824e-05,34,ewma,5,137
2017-02-28,GA-UQ,0.052775690375142445,0.3100103163267895,0.00015500515816339476,34,ewma,5,137
2017-03-31,1/N,0.04878591547088325,0.043680917985018636,2.1840458992509318e-05,34,ewma,5,137
2017-03-31,GA-UQ,0.018406085917840417,0.6866722833569338,0.0003433361416784669,34,ewma,5,137
2017-04-30,1/N,0.03061794028309817,0.03901951052911109,1.9509755264555546e-05,34,ewma,5,137
2017-04-30,GA-UQ,0.0335984914786476,0.5716457466781341,0.00028582287333906706,34,ewma,5,137
2017-05-31,1/N,0.010204445946944122,0.03350754369429355,1.6753771847146774e-05,34,ewma,5,137
2017-05-31,GA-UQ,0.018989288780472378,0.4891351163271824,0.0002445675581635912,34,ewma,5,137
2017-06-30,1/N,-0.030968766909370275,0.030733767253435115,1.5366883626717557e-05,34,ewma,5,137
2017-06-30,GA-UQ,-0.052146947347569826,0.6082684561239978,0.00030413422806199893,34,ewma,5,137
2017-07-31,1/N,0.0032772800585908913,0.03341066295184651,1.6705331475923255e-05,34,ewma,5,137
2017-07-31,GA-UQ,0.00043570943542102774,0.1515990885628889,7.579954428144446e-05,34,ewma,5,137
2017-08-31,1/N,-0.007986119982949133,0.028624427482327384,1.4312213741163692e-05,34,ewma,5,137
2017-08-31,GA-UQ,-0.01306853056767648,0.06878786573327743,3.4393932866638714e-05,34,ewma,5,137
2017-09-30,1/N,0.0627101171293467,0.03100770132530534,1.550385066265267e-05,34,ewma,5,137
2017-09-30,GA-UQ,0.042064017734658225,0.7020502511246585,0.00035102512556232923,34,ewma,5,137
2017-10-31,1/N,0.03304333133595684,0.02910626510748089,1.4553132553740446e-05,34,ewma,5,137
2017-10-31,GA-UQ,-0.005833702555718907,0.41039038706839304,0.0002051951935341965,34,ewma,5,137
2017-11-30,1/N,-0.009850647341494554,0.041460806526637375,2.073040326331869e-05,34,ewma,5,137
2017-11-30,GA-UQ,-0.054795665546363684,0.14333848509753871,7.166924254876935e-05,34,ewma,5,137
2017-12-31,1/N,0.0014827102798276766,0.044267059351315946,2.2133529675657972e-05,34,ewma,5,137
2017-12-31,GA-UQ,0.0169204796138348,0.3613126994993624,0.00018065634974968122,34,ewma,5,137
2018-01-31,1/N,0.03018332482808338,0.03007296121487464,1.5036480607437321e-05,34,ewma,5,137
2018-01-31,GA-UQ,0.026179743823371442,0.7998459463011087,0.00039992297315055437,34,ewma,5,137
2018-02-28,1/N,-0.0245277538688343,0.022301648475014483,1.1150824237507241e-05,34,ewma,5,137
2018-02-28,GA-UQ,-0.02282098152602278,0.664757245475623,0.0003323786227378115,34,ewma,5,137
2018-03-31,1/N,-0.023621182032306478,0.03112556625981391,1.5562783129906956e-05,34,ewma,5,137
2018-03-31,GA-UQ,0.016432684359642267,0.2797331534648752,0.0001398665767324376,34,ewma,5,137
2018-04-30,1/N,0.053291297308396275,0.03924881447571682,1.962440723785841e-05,34,ewma,5,137
2018-04-30,GA-UQ,0.08136283047551274,0.5459232462748571,0.00027296162313742854,34,ewma,5,137
2018-05-31,1/N,-0.004050928339559977,0.04525015956823134,2.2625079784115672e-05,34,ewma,5,137
2018-05-31,GA-UQ,0.0674648969196736,0.4599466330599466,0.0002299733165299733,34,ewma,5,137
2018-06-30,1/N,-0.034936508814045725,0.045314389808701075,2.265719490435054e-05,34,ewma,5,137
2018-06-30,GA-UQ,-0.01296338304528728,0.24777954497471724,0.00012388977248735863,34,ewma,5,137
2018-07-31,1/N,0.021090269529447727,0.05016834406796027,2.5084172033980136e-05,34,ewma,5,137
2018-07-31,GA-UQ,-0.026940055057757466,0.23928794797538783,0.00011964397398769392,34,ewma,5,137
2018-08-31,1/N,-0.019776024968859912,0.04445255229071905,2.2226276145359526e-05,34,ewma,5,137
2018-08-31,GA-UQ,0.04331511343433086,0.3042909351143459,0.00015214546755717295,34,ewma,5,137
2018-09-30,1/N,0.014093798224920278,0.03987848728158791,1.9939243640793955e-05,34,ewma,5,137
2018-09-30,GA-UQ,-0.04308113433528695,0.3558485748019175,0.00017792428740095876,34,ewma,5,137
2018-10-31,1/N,-0.08048606954203245,0.03976929671284475,1.9884648356422374e-05,34,ewma,5,137
2018-10-31,GA-UQ,-0.14393848448103505,0.5657671601582994,0.0002828835800791497,34,ewma,5,137
2018-11-30,1/N,-0.02244033509489391,0.039303109326747236,1.965155466337362e-05,34,ewma,5,137
2018-11-30,GA-UQ,-0.045961611272978056,0.5497694853773796,0.00027488474268868977,34,ewma,5,137
2018-12-31,1/N,-0.056176690529113796,0.06319519549107713,3.159759774553857e-05,34,ewma,5,137
2018-12-31,GA-UQ,-0.021967821888235095,1.233001145507723,0.0006165005727538616,34,ewma,5,137
2019-01-31,1/N,0.060475011481429745,0.04436365839276552,2.218182919638276e-05,34,ewma,5,137
2019-01-31,GA-UQ,0.03161772269478866,0.7988975235024738,0.0003994487617512369,34,ewma,5,137
2019-02-28,1/N,0.0528569429994473,0.04185302600857702,2.092651300428851e-05,34,ewma,5,137
2019-02-28,GA-UQ,0.06751786781446559,0.7151572135889942,0.00035757860679449713,34,ewma,5,137
2019-03-31,1/N,-0.008558340311836122,0.044280447891985444,2.2140223945992723e-05,34,ewma,5,137
2019-03-31,GA-UQ,0.03901169512422348,0.6720260437095353,0.0003360130218547677,34,ewma,5,137
2019-04-30,1/N,0.06022057222717473,0.04095278800181208,2.047639400090604e-05,34,ewma,5,137
2019-04-30,GA-UQ,0.03311354172126745,0.7932977853716805,0.0003966488926858403,34,ewma,5,137
2019-05-31,1/N,-0.08303092422507134,0.046167133306180885,2.3083566653090443e-05,34,ewma,5,137
2019-05-31,GA-UQ,-0.09591447627223702,0.5702225075805019,0.0002851112537902509,34,ewma,5,137
2019-06-30,1/N,0.06366802516365709,0.04659796131748832,2.329898065874416e-05,34,ewma,5,137
2019-06-30,GA-UQ,0.11757685177141443,0.3893865527981613,0.00019469327639908067,34,ewma,5,137
2019-07-31,1/N,-0.005217995022638804,0.06190034192679518,3.0950170963397593e-05,34,ewma,5,137
2019-07-31,GA-UQ,-0.07859829788042817,0.7033119001884947,0.00035165595009424734,34,ewma,5,137
2019-08-31,1/N,-0.014074720407022285,0.05015595053101032,2.507797526550516e-05,34,ewma,5,137
2019-08-31,GA-UQ,-0.04184317841507366,0.04653658846209627,2.3268294231048134e-05,34,ewma,5,137
2019-09-30,1/N,0.041337335138576965,0.042265672747184374,2.1132836373592186e-05,34,ewma,5,137
2019-09-30,GA-UQ,0.012021693584134045,0.8049342685360491,0.00040246713426802454,34,ewma,5,137
2019-10-31,1/N,0.0066927500438224395,0.05199216139820975,2.5996080699104876e-05,34,ewma,5,137
2019-10-31,GA-UQ,0.04291862802371307,0.9926634599596901,0.000496331729979845,34,ewma,5,137
2019-11-30,1/N,0.027835231981431438,0.0475714784618262,2.3785739230913103e-05,34,ewma,5,137
2019-11-30,GA-UQ,0.05377806766151478,0.7337154509957038,0.0003668577254978519,34,ewma,5,137
2019-12-31,1/N,0.003194268716231269,0.048269954412304666,2.4134977206152334e-05,34,ewma,5,137
2019-12-31,GA-UQ,-0.02048789379530008,0.4533864836405273,0.00022669324182026366,34,ewma,5,137
2020-01-31,1/N,-0.03334202742345169,0.04160973237707055,2.0804866188535275e-05,34,ewma,5,137
2020-01-31,GA-UQ,-0.0014635324612625993,0.4199693980496735,0.00020998469902483674,34,ewma,5,137
2020-02-29,1/N,-0.08259046931248121,0.03388832052769217,1.6944160263846084e-05,34,ewma,5,137
2020-02-29,GA-UQ,-0.08895937001565411,0.41540285848405795,0.000207701429242029,34,ewma,5,137
2020-03-31,1/N,-0.18041204037710845,0.05829179179301168,2.914589589650584e-05,34,ewma,5,137
2020-03-31,GA-UQ,-0.20224588541133517,0.9814071035616816,0.0004907035517808408,34,ewma,5,137
2020-04-30,1/N,0.060402675039963966,0.039250696448870824,1.962534822443541e-05,34,ewma,5,137
2020-04-30,GA-UQ,-0.007770549877478218,0.8772665711835562,0.0004386332855917781,34,ewma,5,137
2020-05-31,1/N,0.022024601502372964,0.1209852506222839,6.049262531114195e-05,34,ewma,5,137
2020-05-31,GA-UQ,0.038227065410027274,1.1488730311950202,0.0005744365155975101,34,ewma,5,137
2020-06-30,1/N,0.0475826779438512,0.06951065049062437,3.4755325245312184e-05,34,ewma,5,137
2020-06-30,GA-UQ,0.05389428099256193,0.717653740771552,0.000358826870385776,34,ewma,5,137
2020-07-31,1/N,-0.03663779616912361,0.047860987811861114,2.3930493905930558e-05,34,ewma,5,137
2020-07-31,GA-UQ,-0.00322783556998733,0.1588194942586906,7.94097471293453e-05,34,ewma,5,137
2020-08-31,1/N,0.05892292145467253,0.04445298347870059,2.2226491739350296e-05,34,ewma,5,137
2020-08-31,GA-UQ,0.004606902870756005,0.17375883831955294,8.687941915977647e-05,34,ewma,5,137
2020-09-30,1/N,-0.016562366521532035,0.05357286902843758,2.6786434514218792e-05,34,ewma,5,137
2020-09-30,GA-UQ,-0.001242083509877135,0.48191615838132484,0.00024095807919066243,34,ewma,5,137
2020-10-31,1/N,-0.04640523013278057,0.05374824957973512,2.687412478986756e-05,34,ewma,5,137
2020-10-31,GA-UQ,-0.04992158393514312,0.24021721074492544,0.00012010860537246273,34,ewma,5,137
2020-11-30,1/N,0.22153461618949902,0.05923291075936792,2.9616455379683962e-05,34,ewma,5,137
2020-11-30,GA-UQ,0.09160664710000876,0.6565541983787306,0.0003282770991893653,34,ewma,5,137
2020-12-31,1/N,0.015271352010774336,0.05648871024922441,2.8244355124612204e-05,34,ewma,5,137
2020-12-31,GA-UQ,0.0392584755641804,0.4549908310283213,0.00022749541551416065,34,ewma,5,137
2021-01-31,1/N,-0.02036786857741727,0.08854210344518958,4.427105172259479e-05,34,ewma,5,137
2021-01-31,GA-UQ,-0.04088799739120342,0.017946172370467507,8.973086185233753e-06,34,ewma,5,137
2021-02-28,1/N,0.055352864782224,0.04288596297114022,2.144298148557011e-05,34,ewma,5,137
2021-02-28,GA-UQ,0.04540708748618824,0.1368449968591196,6.842249842955981e-05,34,ewma,5,137
2021-03-31,1/N,0.05764207089775881,0.046267065701626,2.3133532850813003e-05,34,ewma,5,137
2021-03-31,GA-UQ,0.072572235729054,0.14071379639586518,7.035689819793259e-05,34,ewma,5,137
2021-04-30,1/N,0.013078938429153877,0.058899408733204296,2.944970436660215e-05,34,ewma,5,137
2021-04-30,GA-UQ,0.07273438674723509,0.4964154331295296,0.00024820771656476484,34,ewma,5,137
2021-05-31,1/N,0.01010305598865738,0.043030868879357,2.15154344396785e-05,34,ewma,5,137
2021-05-31,GA-UQ,0.05406980758387214,0.38430249929678384,0.00019215124964839194,34,ewma,5,137
2021-06-30,1/N,-0.0070223319313034455,0.04193210317322081,2.0966051586610406e-05,34,ewma,5,137
2021-06-30,GA-UQ,0.03662599038905989,0.5765827561443221,0.00028829137807216107,34,ewma,5,137
2021-07-31,1/N,-0.0008264970504194774,0.0335544175871003,1.677720879355015e-05,34,ewma,5,137
2021-07-31,GA-UQ,0.023418588779599483,0.5165140833940384,0.0002582570416970192,34,ewma,5,137
2021-08-31,1/N,0.022479818229307565,0.03834476015496585,1.9172380077482927e-05,34,ewma,5,137
2021-08-31,GA-UQ,-0.06020972021445799,0.794580452107959,0.00039729022605397953,34,ewma,5,137
2021-09-30,1/N,-0.008357149151746844,0.05996547157422458,2.998273578711229e-05,34,ewma,5,137
2021-09-30,GA-UQ,-0.04367746408353919,0.980437281486511,0.0004902186407432555,34,ewma,5,137
2021-10-31,1/N,0.02942058263450965,0.039890162555246945,1.9945081277623473e-05,34,ewma,5,137
2021-10-31,GA-UQ,0.10335904949621631,0.6173981736986035,0.00030869908684930174,34,ewma,5,137
2021-11-30,1/N,-0.0434043034872602,0.04556859971467125,2.2784299857335624e-05,34,ewma,5,137
2021-11-30,GA-UQ,0.0274087711651787,1.2763234473098863,0.0006381617236549432,34,ewma,5,137
2021-12-31,1/N,0.06232305632420735,0.04019589687794894,2.009794843897447e-05,34,ewma,5,137
2021-12-31,GA-UQ,0.023810492031027593,0.49218547537366647,0.0002460927376868332,34,ewma,5,137
2022-01-31,1/N,-0.018259782020512455,0.059127033265837195,2.95635166329186e-05,34,ewma,5,137
2022-01-31,GA-UQ,-0.06160557341871629,0.04108841298311422,2.054420649155711e-05,34,ewma,5,137
2022-02-28,1/N,-0.041980200856608405,0.033385107858898415,1.6692553929449207e-05,34,ewma,5,137
2022-02-28,GA-UQ,-0.08060328121693244,0.40887388099668504,0.00020443694049834251,34,ewma,5,137
2022-03-31,1/N,-0.016924445133313485,0.06724548131273864,3.3622740656369316e-05,34,ewma,5,137
2022-03-31,GA-UQ,0.007981838760185225,0.1694891424267942,8.47445712133971e-05,34,ewma,5,137
2022-04-30,1/N,-0.009209355871251606,0.07628051760483137,3.8140258802415686e-05,34,ewma,5,137
2022-04-30,GA-UQ,-0.07056508548066381,0.22716078682479368,0.00011358039341239684,34,ewma,5,137
2022-05-31,1/N,0.0072773957945827875,0.06700653005573962,3.350326502786981e-05,34,ewma,5,137
2022-05-31,GA-UQ,0.017178508664391575,0.40724067340464964,0.00020362033670232483,34,ewma,5,137
2022-06-30,1/N,-0.12318655216628051,0.04419623334350431,2.2098116671752155e-05,34,ewma,5,137
2022-06-30,GA-UQ,-0.12285512341877079,0.55647723863415,0.000278238619317075,34,ewma,5,137
2022-07-31,1/N,0.0634512574555844,0.06591611502623283,3.295805751311642e-05,34,ewma,5,137
2022-07-31,GA-UQ,0.13733729696088645,0.6026665021265423,0.0003013332510632711,34,ewma,5,137
2022-08-31,1/N,-0.04615105852661342,0.09241658167755391,4.620829083877696e-05,34,ewma,5,137
2022-08-31,GA-UQ,-0.040196450055103465,1.1963947459711504,0.0005981973729855752,34,ewma,5,137
2022-09-30,1/N,-0.08658648773400497,0.06769784340346283,3.3848921701731416e-05,34,ewma,5,137
2022-09-30,GA-UQ,-0.07186766607473932,0.25579030338475117,0.0001278951516923756,34,ewma,5,137
2022-10-31,1/N,0.0929534285671524,0.049514298640459295,2.4757149320229647e-05,34,ewma,5,137
2022-10-31,GA-UQ,0.043117072351501966,0.15892286478271755,7.946143239135878e-05,34,ewma,5,137
2022-11-30,1/N,0.06931510805256016,0.051092292406097396,2.55461462030487e-05,34,ewma,5,137
2022-11-30,GA-UQ,0.08456252560230301,0.5335321899442734,0.0002667660949721367,34,ewma,5,137
2022-12-31,1/N,-0.04492037252026988,0.061682959862532874,3.084147993126644e-05,34,ewma,5,137
2022-12-31,GA-UQ,-0.05109351381085225,0.5525537352405625,0.0002762768676202813,34,ewma,5,137
2023-01-31,1/N,0.12294850851824096,0.04378621716240066,2.1893108581200328e-05,34,ewma,5,137
2023-01-31,GA-UQ,0.11016392251042591,0.44161423836012614,0.00022080711918006306,34,ewma,5,137
2023-02-28,1/N,0.04208163001724015,0.03445583208133337,1.7227916040666684e-05,34,ewma,5,137
2023-02-28,GA-UQ,0.010574593615625398,0.30233638516264405,0.00015116819258132204,34,ewma,5,137
2023-03-31,1/N,-0.027140882358921082,0.06377013440862914,3.1885067204314566e-05,34,ewma,5,137
2023-03-31,GA-UQ,0.026203934558423788,0.13123795347038214,6.561897673519107e-05,34,ewma,5,137
2023-04-30,1/N,0.019456715420439093,0.04089326466284112,2.0446632331420563e-05,34,ewma,5,137
2023-04-30,GA-UQ,0.03720915424084623,0.6136906137158948,0.00030684530685794745,34,ewma,5,137
2023-05-31,1/N,-0.04967026255908435,0.059365229914925266,2.9682614957462633e-05,34,ewma,5,137
2023-05-31,GA-UQ,-0.07045995687922493,0.607469040284108,0.000303734520142054,34,ewma,5,137
2023-06-30,1/N,0.035173633381758315,0.05506404654227452,2.7532023271137262e-05,34,ewma,5,137
2023-06-30,GA-UQ,0.0523871062401726,0.37381986652507576,0.00018690993326253788,34,ewma,5,137
2023-07-31,1/N,-0.0007921957346759587,0.05687517310185096,2.843758655092548e-05,34,ewma,5,137
2023-07-31,GA-UQ,-0.0020843624123777216,0.45638607556886784,0.00022819303778443394,34,ewma,5,137
2023-08-31,1/N,-0.028929309088871813,0.04538728496558025,2.2693642482790125e-05,34,ewma,5,137
2023-08-31,GA-UQ,-0.03831550100546422,0.19208804574377075,9.604402287188538e-05,34,ewma,5,137
2023-09-30,1/N,-0.047857949750732494,0.05533166996390573,2.7665834981952866e-05,34,ewma,5,137
2023-09-30,GA-UQ,-0.015329300439197939,0.5769627606768483,0.00028848138033842416,34,ewma,5,137
2023-10-31,1/N,-0.05317855709462137,0.0478082680031198,2.39041340015599e-05,34,ewma,5,137
2023-10-31,GA-UQ,-0.0023121624055017324,0.5344086192604818,0.0002672043096302409,34,ewma,5,137
2023-11-30,1/N,0.041418464981342516,0.062181886656954566,3.1090943328477285e-05,34,ewma,5,137
2023-11-30,GA-UQ,0.029050585517586526,0.4842026558742447,0.00024210132793712235,34,ewma,5,137
2023-12-31,1/N,0.042901763269618885,0.0897460696535897,4.4873034826794845e-05,34,ewma,5,137
2023-12-31,GA-UQ,-0.0006953771517833068,0.5789796540598398,0.0002894898270299199,34,ewma,5,137
2024-01-31,1/N,-0.01817128052683265,0.05841631268598401,2.9208156342992005e-05,34,ewma,5,137
2024-01-31,GA-UQ,0.03771042669113601,0.46399350043020593,0.00023199675021510298,34,ewma,5,137
2024-02-29,1/N,-0.001153899970516185,0.04502633983550035,2.2513169917750175e-05,34,ewma,5,137
2024-02-29,GA-UQ,0.01283777488119476,0.24597902829909965,0.00012298951414954984,34,ewma,5,137
2024-03-31,1/N,0.006155499315198493,0.06893772644607146,3.446886322303573e-05,34,ewma,5,137
2024-03-31,GA-UQ,0.07345226282831978,0.20081855062817433,0.00010040927531408717,34,ewma,5,137
2024-04-30,1/N,-0.029172262110344776,0.08172044857221673,4.086022428610837e-05,34,ewma,5,137
2024-04-30,GA-UQ,0.013480686660838855,0.3358661532199735,0.00016793307660998674,34,ewma,5,137
2024-05-31,1/N,0.022743123304148044,0.08836972085604339,4.4184860428021694e-05,34,ewma,5,137
2024-05-31,GA-UQ,0.005412118622827498,0.18473321872258883,9.236660936129442e-05,34,ewma,5,137
2024-06-30,1/N,-0.0869523125704318,0.051213140713395326,2.5606570356697664e-05,34,ewma,5,137
2024-06-30,GA-UQ,-0.06687951815935345,0.234982744319841,0.0001174913721599205,34,ewma,5,137
2024-07-31,1/N,0.006597055556053552,0.0549160389078024,2.74580194539012e-05,34,ewma,5,137
2024-07-31,GA-UQ,-0.0210543126311371,0.28745471846018134,0.00014372735923009068,34,ewma,5,137
2024-08-31,1/N,-0.005449541662060162,0.06251650843147728,3.125825421573864e-05,34,ewma,5,137
2024-08-31,GA-UQ,0.017964520715240576,0.3620784324999693,0.00018103921624998466,34,ewma,5,137
2024-09-30,1/N,-0.003930818050589092,0.05319429044498679,2.6597145222493396e-05,34,ewma,5,137
2024-09-30,GA-UQ,-0.00819206928582038,0.8438290201168982,0.0004219145100584491,34,ewma,5,137
2024-10-31,1/N,-0.016355324185336508,0.03762781111429066,1.881390555714533e-05,34,ewma,5,137
2024-10-31,GA-UQ,0.019617611024523744,0.3903360127057503,0.00019516800635287516,34,ewma,5,137
2003-03-31,1/N,-0.07024699871208541,0.0,0.0,34,ewma,10,137
2003-03-31,GA-UQ,0.042170413993086894,0.0,0.0,34,ewma,10,137
2003-04-30,1/N,0.1749778054369421,0.06792824299288255,6.792824299288256e-05,34,ewma,10,137
2003-04-30,GA-UQ,0.03948737370589823,0.22700583554320036,0.00022700583554320037,34,ewma,10,137
2003-05-31,1/N,0.053487537194904095,0.08873135705686638,8.873135705686639e-05,34,ewma,10,137
2003-05-31,GA-UQ,0.05175726706856064,0.21705825765354508,0.0002170582576535451,34,ewma,10,137
2003-06-30,1/N,0.032091734219132695,0.06769661655422204,6.769661655422205e-05,34,ewma,10,137
2003-06-30,GA-UQ,-0.05051830648020257,0.16753881994672246,0.00016753881994672245,34,ewma,10,137
2003-07-31,1/N,0.05294030080981547,0.08525571311648739,8.525571311648739e-05,34,ewma,10,137
2003-07-31,GA-UQ,-0.01001658777537204,0.03849568246500723,3.849568246500723e-05,34,ewma,10,137
2003-08-31,1/N,0.03909039694121792,0.056562389875960975,5.6562389875960975e-05,34,ewma,10,137
2003-08-31,GA-UQ,0.021089521675703573,0.32947633873951504,0.00032947633873951505,34,ewma,10,137
2003-09-30,1/N,-0.035704937328371475,0.05390435338488627,5.390435338488627e-05,34,ewma,10,137
2003-09-30,GA-UQ,0.020748416833585026,0.28566177276243565,0.0002856617727624357,34,ewma,10,137
2003-10-31,1/N,0.08766990596215889,0.057321731400811364,5.7321731400811364e-05,34,ewma,10,137
2003-10-31,GA-UQ,0.022208477748130104,0.5618345915748737,0.0005618345915748737,34,ewma,10,137
2003-11-30,1/N,0.014134884663428073,0.06919936247436151,6.91993624743615e-05,34,ewma,10,137
2003-11-30,GA-UQ,0.0522265571100049,0.47677238715019477,0.00047677238715019475,34,ewma,10,137
2003-12-31,1/N,-0.001180742344094532,0.048614103445944024,4.861410344594402e-05,34,ewma,10,137
2003-12-31,GA-UQ,-0.012926748790227982,0.13533794184545006,0.00013533794184545007,34,ewma,10,137
2004-01-31,1/N,0.04798460227342057,0.04389192378110868,4.389192378110868e-05,34,ewma,10,137
2004-01-31,GA-UQ,0.0016059656171511544,0.5642719596239939,0.000564271959623994,34,ewma,10,137
2004-02-29,1/N,0.037650926997420446,0.05671334945058758,5.671334945058758e-05,34,ewma,10,137
2004-02-29,GA-UQ,0.08991036896585283,1.1270403819309065,0.0011270403819309065,34,ewma,10,137
2004-03-31,1/N,-0.020341163178956217,0.06676589858758236,6.676589858758237e-05,34,ewma,10,137
2004-03-31,GA-UQ,0.09244729072985508,0.5012685265165825,0.0005012685265165825,34,ewma,10,137
2004-04-30,1/N,0.00847429381178863,0.04841538435509293,4.8415384355092936e-05,34,ewma,10,137
2004-04-30,GA-UQ,0.018284984196584586,0.20541298843518452,0.00020541298843518454,34,ewma,10,137
2004-05-31,1/N,-0.011446302981822497,0.04949718199300593,4.949718199300593e-05,34,ewma,10,137
2004-05-31,GA-UQ,0.06755624618814837,0.25251928456100897,0.00025251928456100897,34,ewma,10,137
2004-06-30,1/N,0.030629650345350666,0.040543483716571724,4.054348371657172e-05,34,ewma,10,137
2004-06-30,GA-UQ,0.050639874625933105,0.28628092722293064,0.00028628092722293063,34,ewma,10,137
2004-07-31,1/N,-0.03755622509169537,0.043543048859607345,4.3543048859607345e-05,34,ewma,10,137
2004-07-31,GA-UQ,-0.0012535349667088399,0.25635713952557854,0.00025635713952557856,34,ewma,10,137
2004-08-31,1/N,-0.0214671462992293,0.0335720003829896,3.35720003829896e-05,34,ewma,10,137
2004-08-31,GA-UQ,0.0752909616294167,0.4537052181305805,0.00045370521813058054,34,ewma,10,137
2004-09-30,1/N,-0.00039828368574356917,0.05653213242125431,5.653213242125431e-05,34,ewma,10,137
2004-09-30,GA-UQ,0.041084978970557046,0.24315306784640756,0.00024315306784640755,34,ewma,10,137
2004-10-31,1/N,0.025195996084718716,0.04722034753127935,4.7220347531279354e-05,34,ewma,10,137
2004-10-31,GA-UQ,0.06530750770811196,0.30069736573577927,0.0003006973657357793,34,ewma,10,137
2004-11-30,1/N,0.03489010205421919,0.04070443627211974,4.0704436272119744e-05,34,ewma,10,137
2004-11-30,GA-UQ,0.07381452493446397,0.6557065458121726,0.0006557065458121726,34,ewma,10,137
2004-12-31,1/N,0.018630914118644905,0.04284357224463524,4.284357224463524e-05,34,ewma,10,137
2004-12-31,GA-UQ,-0.06788215183415089,0.22304677145156915,0.00022304677145156915,34,ewma,10,137
2005-01-31,1/N,0.024035877300575152,0.03830681359388601,3.830681359388601e-05,34,ewma,10,137
2005-01-31,GA-UQ,0.0027300758990507837,0.07462356746558799,7.462356746558798e-05,34,ewma,10,137
2005-02-28,1/N,0.03797045187828555,0.042643157470357004,4.2643157470357004e-05,34,ewma,10,137
2005-02-28,GA-UQ,0.06541441382010754,0.5353730236594304,0.0005353730236594304,34,ewma,10,137
2005-03-31,1/N,-0.014334228872535012,0.04993126963490874,4.993126963490874e-05,34,ewma,10,137
2005-03-31,GA-UQ,-0.11755778707202785,0.2284644242716464,0.0002284644242716464,34,ewma,10,137
2005-04-30,1/N,-0.05921271231830645,0.049091254184006075,4.909125418400608e-05,34,ewma,10,137
2005-04-30,GA-UQ,-0.17912676061039848,0.354173939781,0.000354173939781,34,ewma,10,137
2005-05-31,1/N,0.05921174075567992,0.040503280674783634,4.0503280674783635e-05,34,ewma,10,137
2005-05-31,GA-UQ,0.06184714534322406,0.6175016565384475,0.0006175016565384474,34,ewma,10,137
2005-06-30,1/N,0.03825203886155673,0.04488339020816326,4.4883390208163264e-05,34,ewma,10,137
2005-06-30,GA-UQ,0.06527992889347668,1.0484151336956127,0.0010484151336956128,34,ewma,10,137
2005-07-31,1/N,0.05139730338805687,0.028074061745664555,2.8074061745664557e-05,34,ewma,10,137
2005-07-31,GA-UQ,0.05911853551730568,0.18074148605216764,0.00018074148605216764,34,ewma,10,137
2005-08-31,1/N,-0.012124682347620137,0.03433638097910576,3.4336380979105764e-05,34,ewma,10,137
2005-08-31,GA-UQ,0.00280734115896293,0.30286298590206556,0.0003028629859020656,34,ewma,10,137
2005-09-30,1/N,0.05147069717847684,0.04002221383961395,4.002221383961395e-05,34,ewma,10,137
2005-09-30,GA-UQ,0.013397702168043972,0.3315168989931614,0.0003315168989931614,34,ewma,10,137
2005-10-31,1/N,-0.03843812242941109,0.0359745005543432,3.5974500554343205e-05,34,ewma,10,137
2005-10-31,GA-UQ,-0.09931433544606635,0.04994194951766769,4.9941949517667694e-05,34,ewma,10,137
2005-11-30,1/N,0.03441478885436563,0.039852827071629904,3.98528270716299e-05,34,ewma,10,137
2005-11-30,GA-UQ,0.048121347542991806,0.450308089540076,0.000450308089540076,34,ewma,10,137
2005-12-31,1/N,0.02174025813125597,0.03924949866206455,3.924949866206455e-05,34,ewma,10,137
2005-12-31,GA-UQ,0.02083013351217035,0.5874860581428563,0.0005874860581428563,34,ewma,10,137
2006-01-31,1/N,0.04984751345681479,0.04258452437100112,4.258452437100112e-05,34,ewma,10,137
2006-01-31,GA-UQ,0.15311288676781876,0.5301565380520189,0.0005301565380520189,34,ewma,10,137
2006-02-28,1/N,0.015302480531308268,0.028036228136513908,2.803622813651391e-05,34,ewma,10,137
2006-02-28,GA-UQ,-0.010455203464515797,0.44157474375969574,0.00044157474375969573,34,ewma,10,137
2006-03-31,1/N,0.034573202363285774,0.04788073210731128,4.788073210731128e-05,34,ewma,10,137
2006-03-31,GA-UQ,0.06847288781946673,0.5089429165693005,0.0005089429165693005,34,ewma,10,137
2006-04-30,1/N,-0.000467049497315455,0.04183020496397766,4.183020496397766e-05,34,ewma,10,137
2006-04-30,GA-UQ,-0.03734666652385457,0.02181233955458157,2.1812339554581572e-05,34,ewma,10,137
2006-05-31,1/N,-0.06359088171259247,0.03773246825539111,3.773246825539111e-05,34,ewma,10,137
2006-05-31,GA-UQ,-0.0952913744348715,0.12362263843236099,0.00012362263843236098,34,ewma,10,137
2006-06-30,1/N,-0.0025097667207458693,0.03886893278079881,3.886893278079881e-05,34,ewma,10,137
2006-06-30,GA-UQ,0.02921019898017311,0.47404573420242846,0.0004740457342024285,34,ewma,10,137
2006-07-31,1/N,-0.01552200562549922,0.03313987908493561,3.313987908493561e-05,34,ewma,10,137
2006-07-31,GA-UQ,0.025060754226491393,0.44179400396419294,0.0004417940039641929,34,ewma,10,137
2006-08-31,1/N,0.0544688763503889,0.038839666177064414,3.883966617706441e-05,34,ewma,10,137
2006-08-31,GA-UQ,0.025905028582116033,0.2671508007026969,0.0002671508007026969,34,ewma,10,137
2006-09-30,1/N,0.01543413457623604,0.057490380988281374,5.7490380988281376e-05,34,ewma,10,137
2006-09-30,GA-UQ,0.0402883296252372,0.6372761466479915,0.0006372761466479915,34,ewma,10,137
2006-10-31,1/N,0.026286419541550036,0.03194546713474139,3.194546713474139e-05,34,ewma,10,137
2006-10-31,GA-UQ,0.07831123604028271,0.47423193940359165,0.0004742319394035917,34,ewma,10,137
2006-11-30,1/N,0.005492984492071115,0.032986260072917266,3.298626007291727e-05,34,ewma,10,137
2006-11-30,GA-UQ,0.004798274526224895,0.016685807889181562,1.6685807889181562e-05,34,ewma,10,137
2006-12-31,1/N,0.04019101694862834,0.03716206343136362,3.7162063431363624e-05,34,ewma,10,137
2006-12-31,GA-UQ,0.023218898702758606,0.41560206889617196,0.00041560206889617197,34,ewma,10,137
2007-01-31,1/N,0.02791115463091284,0.03929339316259329,3.9293393162593287e-05,34,ewma,10,137
2007-01-31,GA-UQ,0.09354284349738082,0.048647828081002265,4.8647828081002264e-05,34,ewma,10,137
2007-02-28,1/N,-0.00043625459278843554,0.03333555013180094,3.333555013180094e-05,34,ewma,10,137
2007-02-28,GA-UQ,0.013447791891294438,0.2786311896273859,0.00027863118962738595,34,ewma,10,137
2007-03-31,1/N,0.045289670987566415,0.04392801096210377,4.3928010962103767e-05,34,ewma,10,137
2007-03-31,GA-UQ,0.07992514242059534,0.19815921737624748,0.00019815921737624748,34,ewma,10,137
2007-04-30,1/N,0.040988785846429544,0.039313703737600895,3.9313703737600896e-05,34,ewma,10,137
2007-04-30,GA-UQ,0.012485372304378312,0.08334995976514667,8.334995976514668e-05,34,ewma,10,137
2007-05-31,1/N,0.0231121817602362,0.04573893249413805,4.573893249413805e-05,34,ewma,10,137
2007-05-31,GA-UQ,0.037746350042550704,0.06790518568540445,6.790518568540445e-05,34,ewma,10,137
2007-06-30,1/N,0.0003545432591074716,0.03906390624084333,3.906390624084333e-05,34,ewma,10,137
2007-06-30,GA-UQ,-0.005846950303070683,0.3028057978278374,0.0003028057978278374,34,ewma,10,137
2007-07-31,1/N,-0.042529728739189386,0.039225612215776556,3.922561221577656e-05,34,ewma,10,137
2007-07-31,GA-UQ,0.0034623138718785024,0.34701374901474874,0.00034701374901474874,34,ewma,10,137
2007-08-31,1/N,-0.015289827713135763,0.03716924820202608,3.716924820202608e-05,34,ewma,10,137
2007-08-31,GA-UQ,0.008614645525337559,0.30591127507479793,0.0003059112750747979,34,ewma,10,137
2007-09-30,1/N,0.002529850311379478,0.03733544481341605,3.7335444813416055e-05,34,ewma,10,137
2007-09-30,GA-UQ,0.08882424723206916,0.4653363256884989,0.0004653363256884989,34,ewma,10,137
2007-10-31,1/N,0.025510952555279992,0.030063350863336703,3.0063350863336703e-05,34,ewma,10,137
2007-10-31,GA-UQ,0.1213234341893737,0.22853847585937906,0.00022853847585937905,34,ewma,10,137
2007-11-30,1/N,-0.06796619394865813,0.04612294414049171,4.612294414049171e-05,34,ewma,10,137
2007-11-30,GA-UQ,-0.06341447379978794,0.09151970391211732,9.151970391211732e-05,34,ewma,10,137
2007-12-31,1/N,-0.022269148471178023,0.03878536745070024,3.878536745070024e-05,34,ewma,10,137
2007-12-31,GA-UQ,-0.032548974639778044,0.04376862249075551,4.3768622490755514e-05,34,ewma,10,137
2008-01-31,1/N,-0.12542839169365208,0.05820580748207088,5.820580748207088e-05,34,ewma,10,137
2008-01-31,GA-UQ,-0.09285644915613664,0.29842661459694864,0.00029842661459694866,34,ewma,10,137
2008-02-29,1/N,-4.312256104097156e-05,0.04767973794627639,4.7679737946276394e-05,34,ewma,10,137
2008-02-29,GA-UQ,0.05635433187800797,0.2904825140235901,0.0002904825140235901,34,ewma,10,137
2008-03-31,1/N,-0.011537999661659038,0.04988782262379364,4.988782262379364e-05,34,ewma,10,137
2008-03-31,GA-UQ,-0.020852350513296036,0.35476285317883854,0.00035476285317883856,34,ewma,10,137
2008-04-30,1/N,0.03900651920839096,0.0442295676576885,4.42295676576885e-05,34,ewma,10,137
2008-04-30,GA-UQ,0.07996558527713561,0.3218630391504671,0.00032186303915046713,34,ewma,10,137
2008-05-31,1/N,0.015189201966462057,0.040233601173372074,4.0233601173372076e-05,34,ewma,10,137
2008-05-31,GA-UQ,0.09068918817641458,0.189829047440434,0.000189829047440434,34,ewma,10,137
2008-06-30,1/N,-0.1389971577352195,0.06306531001652317,6.306531001652317e-05,34,ewma,10,137
2008-06-30,GA-UQ,-0.08259654708792596,0.12129493272373343,0.00012129493272373343,34,ewma,10,137
2008-07-31,1/N,-0.005255354660171688,0.041085664500993276,4.1085664500993276e-05,34,ewma,10,137
2008-07-31,GA-UQ,-0.026004738917729475,0.03347214219744321,3.347214219744321e-05,34,ewma,10,137
2008-08-31,1/N,0.049776199793154,0.06106766927294617,6.106766927294618e-05,34,ewma,10,137
2008-08-31,GA-UQ,-0.045629720287589964,0.22723012820383978,0.00022723012820383977,34,ewma,10,137
2008-09-30,1/N,-0.12090308374634087,0.05843368379842586,5.843368379842586e-05,34,ewma,10,137
2008-09-30,GA-UQ,-0.2578609634793855,0.2797318771351131,0.0002797318771351131,34,ewma,10,137
2008-10-31,1/N,-0.1835377735485151,0.05513449362289154,5.5134493622891536e-05,34,ewma,10,137
2008-10-31,GA-UQ,-0.29517896780019215,0.013004347666410145,1.3004347666410146e-05,34,ewma,10,137
2008-11-30,1/N,-0.05710896019763897,0.10250211149851839,0.00010250211149851839,34,ewma,10,137
2008-11-30,GA-UQ,0.006445569960491239,1.0329775394018077,0.0010329775394018078,34,ewma,10,137
2008-12-31,1/N,0.0050225946213859965,0.12944328794332627,0.00012944328794332627,34,ewma,10,137
2008-12-31,GA-UQ,0.014512177867263562,1.2151866652216048,0.0012151866652216048,34,ewma,10,137
2009-01-31,1/N,-0.0676236220892811,0.09494718954043077,9.494718954043078e-05,34,ewma,10,137
2009-01-31,GA-UQ,-0.11327080998534068,0.2262004817826716,0.00022620048178267161,34,ewma,10,137
2009-02-28,1/N,-0.08238494838905695,0.07537317251810541,7.53731725181054e-05,34,ewma,10,137
2009-02-28,GA-UQ,-0.021758860378040534,0.2967781520584386,0.00029677815205843863,34,ewma,10,137
2009-03-31,1/N,0.05055071041781309,0.08465370598058218,8.465370598058219e-05,34,ewma,10,137
2009-03-31,GA-UQ,-0.03560275524634953,1.0390089701653786,0.0010390089701653787,34,ewma,10,137
2009-04-30,1/N,0.1940117845956346,0.0933460043720558,9.33460043720558e-05,34,ewma,10,137
2009-04-30,GA-UQ,0.00823452284342028,0.31469898670175306,0.00031469898670175305,34,ewma,10,137
2009-05-31,1/N,0.016886546560810275,0.0810126483972366,8.10126483972366e-05,34,ewma,10,137
2009-05-31,GA-UQ,0.03239481607715429,0.5760422420591472,0.0005760422420591473,34,ewma,10,137
2009-06-30,1/N,-0.03075148439536663,0.0990401000054203,9.90401000054203e-05,34,ewma,10,137
2009-06-30,GA-UQ,-0.04519058231094406,0.3765594143837563,0.0003765594143837563,34,ewma,10,137
2009-07-31,1/N,0.14127954874362697,0.06713466789995146,6.713466789995146e-05,34,ewma,10,137
2009-07-31,GA-UQ,0.051585133669943974,0.2295322033459944,0.0002295322033459944,34,ewma,10,137
2009-08-31,1/N,0.06755656391191313,0.03529530827310717,3.5295308273107176e-05,34,ewma,10,137
2009-08-31,GA-UQ,0.031195981183406322,0.2977322447052097,0.0002977322447052097,34,ewma,10,137
2009-09-30,1/N,0.05619453595077513,0.06594315801903174,6.594315801903174e-05,34,ewma,10,137
2009-09-30,GA-UQ,0.03328654736711337,0.5489611632820847,0.0005489611632820846,34,ewma,10,137
2009-10-31,1/N,-0.05468387266467939,0.05766800375599267,5.7668003755992666e-05,34,ewma,10,137
2009-10-31,GA-UQ,-0.05835608108632173,0.19140895069696165,0.00019140895069696165,34,ewma,10,137
2009-11-30,1/N,0.014916770429816022,0.048734301557889416,4.8734301557889416e-05,34,ewma,10,137
2009-11-30,GA-UQ,0.01491981308960917,0.4559724275668179,0.0004559724275668179,34,ewma,10,137
2009-12-31,1/N,0.09021299514280331,0.049983664449873746,4.998366444987375e-05,34,ewma,10,137
2009-12-31,GA-UQ,0.06463293607544467,0.4378554982997847,0.0004378554982997847,34,ewma,10,137
2010-01-31,1/N,-0.022832062265405566,0.04198278632525372,4.198278632525372e-05,34,ewma,10,137
2010-01-31,GA-UQ,-0.0572877104334945,0.396435355542116,0.00039643535554211603,34,ewma,10,137
2010-02-28,1/N,-0.012675430701311843,0.04099610829356766,4.099610829356766e-05,34,ewma,10,137
2010-02-28,GA-UQ,0.02712030498552747,0.12328080652247898,0.00012328080652247898,34,ewma,10,137
2010-03-31,1/N,0.08552991852258653,0.04222337327668398,4.222337327668398e-05,34,ewma,10,137
2010-03-31,GA-UQ,0.03624772084152277,0.8311527508787742,0.0008311527508787741,34,ewma,10,137
2010-04-30,1/N,-0.0008594341969323827,0.050085154954522475,5.008515495452248e-05,34,ewma,10,137
2010-04-30,GA-UQ,0.034786401094707556,0.5019913343441298,0.0005019913343441298,34,ewma,10,137
2010-05-31,1/N,-0.06977119711121046,0.03931574554074519,3.931574554074519e-05,34,ewma,10,137
2010-05-31,GA-UQ,-0.028826849627859502,0.5123011092803066,0.0005123011092803066,34,ewma,10,137
2010-06-30,1/N,-0.007645022456663744,0.036463647012806286,3.646364701280629e-05,34,ewma,10,137
2010-06-30,GA-UQ,0.05090927918388981,0.4520669204362251,0.0004520669204362251,34,ewma,10,137
2010-07-31,1/N,0.0460746523677281,0.05448718899224596,5.448718899224596e-05,34,ewma,10,137
2010-07-31,GA-UQ,-0.0011707566501098813,0.2030744565524409,0.00020307445655244093,34,ewma,10,137
2010-08-31,1/N,-0.04195476646077164,0.04305021700685233,4.305021700685234e-05,34,ewma,10,137
2010-08-31,GA-UQ,-0.03359455053041943,0.3342370104023181,0.00033423701040231815,34,ewma,10,137
2010-09-30,1/N,0.08225457282953019,0.05110254750444585,5.110254750444585e-05,34,ewma,10,137
2010-09-30,GA-UQ,0.08708368776428192,0.37328749705116837,0.0003732874970511684,34,ewma,10,137
2010-10-31,1/N,0.038541801107405876,0.03804046501961532,3.804046501961532e-05,34,ewma,10,137
2010-10-31,GA-UQ,0.005280023474987682,0.42148211945068065,0.00042148211945068067,34,ewma,10,137
2010-11-30,1/N,-0.034695277586403006,0.05081895825153186,5.081895825153186e-05,34,ewma,10,137
2010-11-30,GA-UQ,-0.01589567936391644,0.2428374998345467,0.0002428374998345467,34,ewma,10,137
2010-12-31,1/N,0.07051043427379136,0.03668874065188342,3.668874065188342e-05,34,ewma,10,137
2010-12-31,GA-UQ,0.07212840110212321,0.4909825932627408,0.0004909825932627409,34,ewma,10,137
2011-01-31,1/N,0.04438110004714976,0.05456658583922677,5.456658583922677e-05,34,ewma,10,137
2011-01-31,GA-UQ,-0.00034594863810434486,0.6019512043828097,0.0006019512043828097,34,ewma,10,137
2011-02-28,1/N,0.03265315044685409,0.04608058851387866,4.608058851387866e-05,34,ewma,10,137
2011-02-28,GA-UQ,-0.017788348393649036,0.44905001379594717,0.0004490500137959472,34,ewma,10,137
2011-03-31,1/N,-0.027326860437083763,0.05515993841315854,5.515993841315854e-05,34,ewma,10,137
2011-03-31,GA-UQ,-0.029347671554187618,0.36171242766680295,0.00036171242766680294,34,ewma,10,137
2011-04-30,1/N,0.036550237878180965,0.050463458534210935,5.0463458534210934e-05,34,ewma,10,137
2011-04-30,GA-UQ,0.01896249734402236,0.8890942441246436,0.0008890942441246436,34,ewma,10,137
2011-05-31,1/N,-0.010612386827799426,0.035041950095186715,3.5041950095186714e-05,34,ewma,10,137
2011-05-31,GA-UQ,0.04516185463379399,0.12115346174246304,0.00012115346174246304,34,ewma,10,137
2011-06-30,1/N,-0.004762210181798018,0.0367080838678006,3.67080838678006e-05,34,ewma,10,137
2011-06-30,GA-UQ,0.013368808789488028,0.826681520243981,0.000826681520243981,34,ewma,10,137
2011-07-31,1/N,-0.07430957885189422,0.034678818854405824,3.467881885440583e-05,34,ewma,10,137
2011-07-31,GA-UQ,-0.010413346888957422,0.3375416632507215,0.0003375416632507215,34,ewma,10,137
2011-08-31,1/N,-0.11671718084256597,0.03327672491552165,3.327672491552165e-05,34,ewma,10,137
2011-08-31,GA-UQ,-0.08066999923233664,0.7779788718100606,0.0007779788718100607,34,ewma,10,137
2011-09-30,1/N,-0.10274900028852402,0.06512678836480137,6.512678836480138e-05,34,ewma,10,137
2011-09-30,GA-UQ,-0.06241260328981418,1.104627401839435,0.0011046274018394352,34,ewma,10,137
2011-10-31,1/N,0.10597281125929102,0.05773875405641614,5.773875405641614e-05,34,ewma,10,137
2011-10-31,GA-UQ,0.019908734337097885,0.23143692749861577,0.0002314369274986158,34,ewma,10,137
2011-11-30,1/N,-0.05346984902371912,0.06551624862275678,6.551624862275678e-05,34,ewma,10,137
2011-11-30,GA-UQ,-0.00977426973790952,0.4961087544941058,0.0004961087544941059,34,ewma,10,137
2011-12-31,1/N,-0.01700004981562605,0.05263590345710836,5.263590345710836e-05,34,ewma,10,137
2011-12-31,GA-UQ,0.021465999672243587,0.9184633296933014,0.0009184633296933014,34,ewma,10,137
2012-01-31,1/N,0.08455298946474474,0.05886489454484083,5.8864894544840834e-05,34,ewma,10,137
2012-01-31,GA-UQ,0.061110565153934635,0.9011670943804165,0.0009011670943804166,34,ewma,10,137
2012-02-29,1/N,0.07679312568335486,0.0409783259769151,4.0978325976915104e-05,34,ewma,10,137
2012-02-29,GA-UQ,0.05665278842220974,0.572640308156958,0.000572640308156958,34,ewma,10,137
2012-03-31,1/N,-0.0009456942121921635,0.06378623879506981,6.378623879506981e-05,34,ewma,10,137
2012-03-31,GA-UQ,0.06239781285138673,0.5431862398066829,0.000543186239806683,34,ewma,10,137
2012-04-30,1/N,-0.06731321270455905,0.04736459219951451,4.736459219951451e-05,34,ewma,10,137
2012-04-30,GA-UQ,-0.001842743737610007,0.45161472615455894,0.00045161472615455893,34,ewma,10,137
2012-05-31,1/N,-0.06577622296516787,0.049276565262634825,4.927656526263482e-05,34,ewma,10,137
2012-05-31,GA-UQ,-0.0059858270046492905,0.5125556764397439,0.0005125556764397439,34,ewma,10,137
2012-06-30,1/N,0.04316086489110706,0.07368241052246421,7.368241052246421e-05,34,ewma,10,137
2012-06-30,GA-UQ,0.03055294187985656,1.4024740464949728,0.0014024740464949727,34,ewma,10,137
2012-07-31,1/N,0.01324147567959371,0.054564149503591154,5.4564149503591156e-05,34,ewma,10,137
2012-07-31,GA-UQ,-0.011838260304877356,0.9485039001523888,0.0009485039001523889,34,ewma,10,137
2012-08-31,1/N,0.02860211758199103,0.04602662689418405,4.602662689418405e-05,34,ewma,10,137
2012-08-31,GA-UQ,-0.004689831864005077,0.14457518632528255,0.00014457518632528255,34,ewma,10,137
2012-09-30,1/N,-0.004896626854005203,0.05590469111527632,5.590469111527632e-05,34,ewma,10,137
2012-09-30,GA-UQ,0.03541476245661638,0.5334947248821682,0.0005334947248821682,34,ewma,10,137
2012-10-31,1/N,-0.0009321910549591101,0.04190811094728869,4.190811094728869e-05,34,ewma,10,137
2012-10-31,GA-UQ,0.010585743118688783,0.35160993551186304,0.00035160993551186303,34,ewma,10,137
2012-11-30,1/N,0.0480824541004778,0.05417314402478497,5.4173144024784975e-05,34,ewma,10,137
2012-11-30,GA-UQ,0.058234635984090524,0.1735647378751874,0.0001735647378751874,34,ewma,10,137
2012-12-31,1/N,0.035730998270992145,0.052123239199960016,5.212323919996002e-05,34,ewma,10,137
2012-12-31,GA-UQ,0.01222391792401281,0.7710084109740392,0.0007710084109740392,34,ewma,10,137
2013-01-31,1/N,0.04031190200832468,0.02770454172330494,2.770454172330494e-05,34,ewma,10,137
2013-01-31,GA-UQ,0.012714052205082064,0.07524297679443662,7.524297679443662e-05,34,ewma,10,137
2013-02-28,1/N,0.009629486997649452,0.03574073480110118,3.5740734801101184e-05,34,ewma,10,137
2013-02-28,GA-UQ,0.04767586345170422,0.1955385392000123,0.0001955385392000123,34,ewma,10,137
2013-03-31,1/N,0.0014741096848076465,0.048424895789792394,4.8424895789792396e-05,34,ewma,10,137
2013-03-31,GA-UQ,0.014017610036853662,0.16227377393825598,0.00016227377393825598,34,ewma,10,137
2013-04-30,1/N,0.0190892671291952,0.04814701627093114,4.814701627093114e-05,34,ewma,10,137
2013-04-30,GA-UQ,0.03931580916250594,0.4591418698942828,0.0004591418698942828,34,ewma,10,137
2013-05-31,1/N,0.04616785756946001,0.044855566362469304,4.48555663624693e-05,34,ewma,10,137
2013-05-31,GA-UQ,0.04716106791866911,0.44237293179655346,0.00044237293179655345,34,ewma,10,137
2013-06-30,1/N,-0.04166653641477685,0.040011890644603296,4.0011890644603296e-05,34,ewma,10,137
2013-06-30,GA-UQ,-0.034527412356341214,0.5211281129845862,0.0005211281129845861,34,ewma,10,137
2013-07-31,1/N,0.09102139866843553,0.06917745192585747,6.917745192585747e-05,34,ewma,10,137
2013-07-31,GA-UQ,0.09259050205532082,0.6145814307500236,0.0006145814307500235,34,ewma,10,137
2013-08-31,1/N,-0.01645373608841045,0.037906982924264504,3.79069829242645e-05,34,ewma,10,137
2013-08-31,GA-UQ,-0.03303119750867161,0.12311274919567891,0.00012311274919567892,34,ewma,10,137
2013-09-30,1/N,0.07363670624853685,0.04741684452696623,4.741684452696623e-05,34,ewma,10,137
2013-09-30,GA-UQ,0.042001089163378066,0.7242016371851284,0.0007242016371851284,34,ewma,10,137
2013-10-31,1/N,0.04134162149063389,0.030144562090946906,3.0144562090946905e-05,34,ewma,10,137
2013-10-31,GA-UQ,-0.014867261620940417,0.3642212568489488,0.0003642212568489488,34,ewma,10,137
2013-11-30,1/N,0.01115503045321176,0.04747816824321364,4.747816824321364e-05,34,ewma,10,137
2013-11-30,GA-UQ,0.0015709930433674432,0.3353212239841239,0.0003353212239841239,34,ewma,10,137
2013-12-31,1/N,0.01117109515912766,0.05425805414382005,5.425805414382006e-05,34,ewma,10,137
2013-12-31,GA-UQ,0.037174131504367186,0.6642539926949977,0.0006642539926949978,34,ewma,10,137
2014-01-31,1/N,-0.014871849910372773,0.03934239051692345,3.9342390516923456e-05,34,ewma,10,137
2014-01-31,GA-UQ,0.00609436156847241,0.4584483659946204,0.00045844836599462043,34,ewma,10,137
2014-02-28,1/N,0.051242447024306526,0.034049402955158986,3.4049402955158985e-05,34,ewma,10,137
2014-02-28,GA-UQ,0.002347706370867247,0.5367358543920809,0.000536735854392081,34,ewma,10,137
2014-03-31,1/N,-0.002255212624909198,0.04622443592201251,4.622443592201251e-05,34,ewma,10,137
2014-03-31,GA-UQ,-0.027371093595954358,0.30440778019421005,0.00030440778019421005,34,ewma,10,137
2014-04-30,1/N,0.026177496794210383,0.04833831042740083,4.8338310427400836e-05,34,ewma,10,137
2014-04-30,GA-UQ,-0.04000448579171356,0.5173231714609547,0.0005173231714609548,34,ewma,10,137
2014-05-31,1/N,0.00617350139569079,0.029117375840297745,2.9117375840297746e-05,34,ewma,10,137
2014-05-31,GA-UQ,0.021696477450759914,0.546180665449805,0.000546180665449805,34,ewma,10,137
2014-06-30,1/N,-0.033364529199361385,0.05209376144558486,5.2093761445584866e-05,34,ewma,10,137
2014-06-30,GA-UQ,-0.011918851272125745,0.44232091093200876,0.00044232091093200876,34,ewma,10,137
2014-07-31,1/N,-0.02940443259165891,0.03783948838387454,3.783948838387454e-05,34,ewma,10,137
2014-07-31,GA-UQ,-0.02730071992210498,0.09609314962533737,9.609314962533736e-05,34,ewma,10,137
2014-08-31,1/N,0.015768890765951928,0.031868560720544725,3.1868560720544723e-05,34,ewma,10,137
2014-08-31,GA-UQ,0.024685736212070392,0.38398995612440795,0.00038398995612440794,34,ewma,10,137
2014-09-30,1/N,-0.016416455263919653,0.04197877057808912,4.197877057808912e-05,34,ewma,10,137
2014-09-30,GA-UQ,-0.011168291113055569,0.17787208019905706,0.00017787208019905707,34,ewma,10,137
2014-10-31,1/N,-0.018741608097285114,0.03278891335804025,3.2788913358040254e-05,34,ewma,10,137
2014-10-31,GA-UQ,0.002219383396105125,0.10732061802110308,0.00010732061802110308,34,ewma,10,137
2014-11-30,1/N,0.06363365812389557,0.034251058294872724,3.425105829487273e-05,34,ewma,10,137
2014-11-30,GA-UQ,0.07002558895684917,0.6783203542109877,0.0006783203542109877,34,ewma,10,137
2014-12-31,1/N,-0.001730508127430137,0.03949431902512821,3.949431902512821e-05,34,ewma,10,137
2014-12-31,GA-UQ,-0.002560731512193275,0.3677435899082207,0.0003677435899082207,34,ewma,10,137
2015-01-31,1/N,0.09287240118085012,0.0423606177996857,4.2360617799685705e-05,34,ewma,10,137
2015-01-31,GA-UQ,0.16077294998488897,0.18146719056498598,0.00018146719056498598,34,ewma,10,137
2015-02-28,1/N,0.0790747044985536,0.033925301457639986,3.392530145763999e-05,34,ewma,10,137
2015-02-28,GA-UQ,0.08653613446675555,0.3881090444662901,0.00038810904446629006,34,ewma,10,137
2015-03-31,1/N,0.01703676294394839,0.04473708429226171,4.473708429226171e-05,34,ewma,10,137
2015-03-31,GA-UQ,0.026474899190713285,0.35647257654716086,0.00035647257654716086,34,ewma,10,137
2015-04-30,1/N,0.008063206324178306,0.043087333035526976,4.3087333035526974e-05,34,ewma,10,137
2015-04-30,GA-UQ,0.045141081408155884,0.32450939955427366,0.0003245093995542737,34,ewma,10,137
2015-05-31,1/N,0.005432510280702229,0.03126141536968989,3.1261415369689894e-05,34,ewma,10,137
2015-05-31,GA-UQ,0.002644315963226794,0.67268918722066,0.00067268918722066,34,ewma,10,137
2015-06-30,1/N,-0.05260024916928538,0.043054063921733055,4.305406392173306e-05,34,ewma,10,137
2015-06-30,GA-UQ,-0.03540907599104808,0.6231368747021825,0.0006231368747021825,34,ewma,10,137
2015-07-31,1/N,0.037614042382168617,0.030700668074160668,3.070066807416067e-05,34,ewma,10,137
2015-07-31,GA-UQ,-0.06152296379726008,0.5556792728002851,0.0005556792728002851,34,ewma,10,137
2015-08-31,1/N,-0.07642231461803527,0.025189814871573585,2.5189814871573585e-05,34,ewma,10,137
2015-08-31,GA-UQ,-0.07902868624073797,0.3791678254510677,0.0003791678254510677,34,ewma,10,137
2015-09-30,1/N,-0.035290106274536596,0.04853609164676141,4.853609164676141e-05,34,ewma,10,137
2015-09-30,GA-UQ,0.037688088581150116,1.075586017213301,0.001075586017213301,34,ewma,10,137
2015-10-31,1/N,0.1017266981265825,0.04006635297264605,4.0066352972646045e-05,34,ewma,10,137
2015-10-31,GA-UQ,0.06691223694166223,0.6465303344522758,0.0006465303344522759,34,ewma,10,137
2015-11-30,1/N,0.01851357828938239,0.053204687999298825,5.320468799929883e-05,34,ewma,10,137
2015-11-30,GA-UQ,0.030657432191244845,0.7527562400183045,0.0007527562400183045,34,ewma,10,137
2015-12-31,1/N,-0.04802921759775267,0.04537019162641391,4.537019162641391e-05,34,ewma,10,137
2015-12-31,GA-UQ,-0.02706394675377812,0.34117839344093626,0.0003411783934409363,34,ewma,10,137
2016-01-31,1/N,-0.04521104166069049,0.03926780868926079,3.926780868926079e-05,34,ewma,10,137
2016-01-31,GA-UQ,-0.054074734658982285,0.13191239763820412,0.0001319123976382041,34,ewma,10,137
2016-02-29,1/N,-0.021312548864780293,0.04310971919870313,4.310971919870313e-05,34,ewma,10,137
2016-02-29,GA-UQ,0.01693630199377307,0.2394101970955239,0.00023941019709552392,34,ewma,10,137
2016-03-31,1/N,0.038166985990069006,0.05380493630699499,5.380493630699499e-05,34,ewma,10,137
2016-03-31,GA-UQ,0.052972604144770764,0.4111500806983847,0.0004111500806983847,34,ewma,10,137
2016-04-30,1/N,0.010874328575700922,0.05236157715471238,5.2361577154712385e-05,34,ewma,10,137
2016-04-30,GA-UQ,-0.011917130054553894,0.23553197705174483,0.00023553197705174483,34,ewma,10,137
2016-05-31,1/N,0.014732518443642033,0.06052869860781656,6.052869860781656e-05,34,ewma,10,137
2016-05-31,GA-UQ,0.01484273806969102,0.519838506898694,0.000519838506898694,34,ewma,10,137
2016-06-30,1/N,-0.06941005436748658,0.046647570971141764,4.664757097114176e-05,34,ewma,10,137
2016-06-30,GA-UQ,-0.040048899478849175,0.08913716193897626,8.913716193897626e-05,34,ewma,10,137
2016-07-31,1/N,0.08208568697770399,0.030145048543463115,3.0145048543463117e-05,34,ewma,10,137
2016-07-31,GA-UQ,0.08838048980319034,0.4179277574663303,0.00041792775746633034,34,ewma,10,137
2016-08-31,1/N,0.0014857863008331377,0.05150227121960636,5.150227121960637e-05,34,ewma,10,137
2016-08-31,GA-UQ,-0.023839804239192335,0.4880796878570965,0.0004880796878570965,34,ewma,10,137
2016-09-30,1/N,0.016685431302932638,0.06299568600188715,6.299568600188715e-05,34,ewma,10,137
2016-09-30,GA-UQ,0.05895725454048411,0.30634011426584695,0.00030634011426584694,34,ewma,10,137
2016-10-31,1/N,0.01857568885051333,0.028600578842086482,2.8600578842086483e-05,34,ewma,10,137
2016-10-31,GA-UQ,0.030700465750271067,0.14243821209696944,0.00014243821209696946,34,ewma,10,137
2016-11-30,1/N,0.006032866972831148,0.02634721313171943,2.634721313171943e-05,34,ewma,10,137
2016-11-30,GA-UQ,0.053297034769708165,0.26929110880845475,0.00026929110880845477,34,ewma,10,137
2016-12-31,1/N,0.059013987291267604,0.05237474975601748,5.237474975601748e-05,34,ewma,10,137
2016-12-31,GA-UQ,0.01023814474329079,0.0555007242011803,5.55007242011803e-05,34,ewma,10,137
2017-01-31,1/N,-0.002141460220744767,0.04175642900369409,4.175642900369409e-05,34,ewma,10,137
2017-01-31,GA-UQ,-0.041890754785976314,0.1634174161523692,0.00016341741615236922,34,ewma,10,137
2017-02-28,1/N,0.03241394122945488,0.029233063710011647,2.9233063710011648e-05,34,ewma,10,137
2017-02-28,GA-UQ,0.052620685216979046,0.3100103163267895,0.0003100103163267895,34,ewma,10,137
2017-03-31,1/N,0.048764075011890735,0.043680917985018636,4.3680917985018636e-05,34,ewma,10,137
2017-03-31,GA-UQ,0.01806274977616195,0.6866722833569338,0.0006866722833569338,34,ewma,10,137
2017-04-30,1/N,0.030598430527833616,0.03901951052911109,3.901951052911109e-05,34,ewma,10,137
2017-04-30,GA-UQ,0.033312668605308536,0.5716457466781341,0.0005716457466781341,34,ewma,10,137
2017-05-31,1/N,0.010187692175096975,0.03350754369429355,3.350754369429355e-05,34,ewma,10,137
2017-05-31,GA-UQ,0.01874472122230879,0.4891351163271824,0.0004891351163271824,34,ewma,10,137
2017-06-30,1/N,-0.030984133792996995,0.030733767253435115,3.0733767253435114e-05,34,ewma,10,137
2017-06-30,GA-UQ,-0.052451081575631824,0.6082684561239978,0.0006082684561239979,34,ewma,10,137
2017-07-31,1/N,0.003260574727114968,0.03341066295184651,3.341066295184651e-05,34,ewma,10,137
2017-07-31,GA-UQ,0.0003599098911395833,0.1515990885628889,0.0001515990885628889,34,ewma,10,137
2017-08-31,1/N,-0.008000432196690296,0.028624427482327384,2.8624427482327384e-05,34,ewma,10,137
2017-08-31,GA-UQ,-0.01310292450054312,0.06878786573327743,6.878786573327743e-05,34,ewma,10,137
2017-09-30,1/N,0.06269461327868404,0.03100770132530534,3.100770132530534e-05,34,ewma,10,137
2017-09-30,GA-UQ,0.041712992609095896,0.7020502511246585,0.0007020502511246585,34,ewma,10,137
2017-10-31,1/N,0.0330287782034031,0.02910626510748089,2.9106265107480892e-05,34,ewma,10,137
2017-10-31,GA-UQ,-0.006038897749253104,0.41039038706839304,0.000410390387068393,34,ewma,10,137
2017-11-30,1/N,-0.009871377744757872,0.041460806526637375,4.146080652663738e-05,34,ewma,10,137
2017-11-30,GA-UQ,-0.05486733478891245,0.14333848509753871,0.0001433384850975387,34,ewma,10,137
2017-12-31,1/N,0.0014605767501520187,0.044267059351315946,4.4267059351315944e-05,34,ewma,10,137
2017-12-31,GA-UQ,0.01673982326408512,0.3613126994993624,0.00036131269949936243,34,ewma,10,137
2018-01-31,1/N,0.030168288347475945,0.03007296121487464,3.0072961214874642e-05,34,ewma,10,137
2018-01-31,GA-UQ,0.02577982085022089,0.7998459463011087,0.0007998459463011087,34,ewma,10,137
2018-02-28,1/N,-0.02453890469307181,0.022301648475014483,2.2301648475014482e-05,34,ewma,10,137
2018-02-28,GA-UQ,-0.023153360148760595,0.664757245475623,0.000664757245475623,34,ewma,10,137
2018-03-31,1/N,-0.023636744815436383,0.03112556625981391,3.112556625981391e-05,34,ewma,10,137
2018-03-31,GA-UQ,0.016292817782909832,0.2797331534648752,0.0002797331534648752,34,ewma,10,137
2018-04-30,1/N,0.05327167290115842,0.03924881447571682,3.924881447571682e-05,34,ewma,10,137
2018-04-30,GA-UQ,0.08108986885237532,0.5459232462748571,0.0005459232462748571,34,ewma,10,137
2018-05-31,1/N,-0.004073553419344092,0.04525015956823134,4.5250159568231345e-05,34,ewma,10,137
2018-05-31,GA-UQ,0.06723492360314363,0.4599466330599466,0.0004599466330599466,34,ewma,10,137
2018-06-30,1/N,-0.03495916600895008,0.045314389808701075,4.531438980870108e-05,34,ewma,10,137
2018-06-30,GA-UQ,-0.013087272817774637,0.24777954497471724,0.00024777954497471726,34,ewma,10,137
2018-07-31,1/N,0.021065185357413745,0.05016834406796027,5.016834406796027e-05,34,ewma,10,137
2018-07-31,GA-UQ,-0.027059699031745158,0.23928794797538783,0.00023928794797538783,34,ewma,10,137
2018-08-31,1/N,-0.019798251245005272,0.04445255229071905,4.445255229071905e-05,34,ewma,10,137
2018-08-31,GA-UQ,0.043162967966773685,0.3042909351143459,0.0003042909351143459,34,ewma,10,137
2018-09-30,1/N,0.014073858981279483,0.03987848728158791,3.987848728158791e-05,34,ewma,10,137
2018-09-30,GA-UQ,-0.04325905862268791,0.3558485748019175,0.0003558485748019175,34,ewma,10,137
2018-10-31,1/N,-0.08050595419038888,0.03976929671284475,3.976929671284475e-05,34,ewma,10,137
2018-10-31,GA-UQ,-0.14422136806111419,0.5657671601582994,0.0005657671601582994,34,ewma,10,137
2018-11-30,1/N,-0.022459986649557284,0.039303109326747236,3.930310932674724e-05,34,ewma,10,137
2018-11-30,GA-UQ,-0.04623649601566675,0.5497694853773796,0.0005497694853773795,34,ewma,10,137
2018-12-31,1/N,-0.05620828812685933,0.06319519549107713,6.319519549107714e-05,34,ewma,10,137
2018-12-31,GA-UQ,-0.02258432246098896,1.233001145507723,0.0012330011455077231,34,ewma,10,137
2019-01-31,1/N,0.060452829652233364,0.04436365839276552,4.436365839276552e-05,34,ewma,10,137
2019-01-31,GA-UQ,0.03121827393303742,0.7988975235024738,0.0007988975235024738,34,ewma,10,137
2019-02-28,1/N,0.05283601648644301,0.04185302600857702,4.185302600857702e-05,34,ewma,10,137
2019-02-28,GA-UQ,0.0671602892076711,0.7151572135889942,0.0007151572135889943,34,ewma,10,137
2019-03-31,1/N,-0.008580480535782115,0.044280447891985444,4.4280447891985446e-05,34,ewma,10,137
2019-03-31,GA-UQ,0.038675682102368714,0.6720260437095353,0.0006720260437095354,34,ewma,10,137
2019-04-30,1/N,0.060200095833173824,0.04095278800181208,4.095278800181208e-05,34,ewma,10,137
2019-04-30,GA-UQ,0.03271689282858161,0.7932977853716805,0.0007932977853716805,34,ewma,10,137
2019-05-31,1/N,-0.08305400779172444,0.046167133306180885,4.6167133306180886e-05,34,ewma,10,137
2019-05-31,GA-UQ,-0.09619958752602727,0.5702225075805019,0.0005702225075805018,34,ewma,10,137
2019-06-30,1/N,0.06364472618299834,0.04659796131748832,4.659796131748832e-05,34,ewma,10,137
2019-06-30,GA-UQ,0.11738215849501535,0.3893865527981613,0.00038938655279816133,34,ewma,10,137
2019-07-31,1/N,-0.005248945193602202,0.06190034192679518,6.190034192679519e-05,34,ewma,10,137
2019-07-31,GA-UQ,-0.07894995383052242,0.7033119001884947,0.0007033119001884947,34,ewma,10,137
2019-08-31,1/N,-0.014099798382287788,0.05015595053101032,5.015595053101032e-05,34,ewma,10,137
2019-08-31,GA-UQ,-0.04186644670930471,0.04653658846209627,4.653658846209627e-05,34,ewma,10,137
2019-09-30,1/N,0.04131620230220338,0.042265672747184374,4.226567274718437e-05,34,ewma,10,137
2019-09-30,GA-UQ,0.01161922644986602,0.8049342685360491,0.0008049342685360491,34,ewma,10,137
2019-10-31,1/N,0.006666753963123335,0.05199216139820975,5.199216139820975e-05,34,ewma,10,137
2019-10-31,GA-UQ,0.04242229629373322,0.9926634599596901,0.00099266345995969,34,ewma,10,137
2019-11-30,1/N,0.027811446242200527,0.0475714784618262,4.7571478461826205e-05,34,ewma,10,137
2019-11-30,GA-UQ,0.05341120993601693,0.7337154509957038,0.0007337154509957038,34,ewma,10,137
2019-12-31,1/N,0.0031701337390251166,0.048269954412304666,4.826995441230467e-05,34,ewma,10,137
2019-12-31,GA-UQ,-0.02071458703712034,0.4533864836405273,0.0004533864836405273,34,ewma,10,137
2020-01-31,1/N,-0.033362832289640224,0.04160973237707055,4.160973237707055e-05,34,ewma,10,137
2020-01-31,GA-UQ,-0.001673517160287436,0.4199693980496735,0.0004199693980496735,34,ewma,10,137
2020-02-29,1/N,-0.08260741347274506,0.03388832052769217,3.388832052769217e-05,34,ewma,10,137
2020-02-29,GA-UQ,-0.08916707144489613,0.41540285848405795,0.000415402858484058,34,ewma,10,137
2020-03-31,1/N,-0.18044118627300496,0.05829179179301168,5.829179179301168e-05,34,ewma,10,137
2020-03-31,GA-UQ,-0.202736588963116,0.9814071035616816,0.0009814071035616817,34,ewma,10,137
2020-04-30,1/N,0.060383049691739535,0.039250696448870824,3.925069644887082e-05,34,ewma,10,137
2020-04-30,GA-UQ,-0.008209183163069997,0.8772665711835562,0.0008772665711835562,34,ewma,10,137
2020-05-31,1/N,0.021964108877061822,0.1209852506222839,0.0001209852506222839,34,ewma,10,137
2020-05-31,GA-UQ,0.03765262889442976,1.1488730311950202,0.0011488730311950202,34,ewma,10,137
2020-06-30,1/N,0.047547922618605895,0.06951065049062437,6.951065049062437e-05,34,ewma,10,137
2020-06-30,GA-UQ,0.053535454122176154,0.717653740771552,0.000717653740771552,34,ewma,10,137
2020-07-31,1/N,-0.03666172666302955,0.047860987811861114,4.7860987811861116e-05,34,ewma,10,137
2020-07-31,GA-UQ,-0.0033072453171166753,0.1588194942586906,0.0001588194942586906,34,ewma,10,137
2020-08-31,1/N,0.05890069496293318,0.04445298347870059,4.445298347870059e-05,34,ewma,10,137
2020-08-31,GA-UQ,0.004520023451596228,0.17375883831955294,0.00017375883831955295,34,ewma,10,137
2020-09-30,1/N,-0.016589152956046255,0.05357286902843758,5.3572869028437585e-05,34,ewma,10,137
2020-09-30,GA-UQ,-0.0014830415890677976,0.48191615838132484,0.00048191615838132486,34,ewma,10,137
2020-10-31,1/N,-0.04643210425757044,0.05374824957973512,5.374824957973512e-05,34,ewma,10,137
2020-10-31,GA-UQ,-0.05004169254051558,0.24021721074492544,0.00024021721074492545,34,ewma,10,137
2020-11-30,1/N,0.22150499973411933,0.05923291075936792,5.9232910759367925e-05,34,ewma,10,137
2020-11-30,GA-UQ,0.0912783700008194,0.6565541983787306,0.0006565541983787306,34,ewma,10,137
2020-12-31,1/N,0.015243107655649724,0.05648871024922441,5.648871024922441e-05,34,ewma,10,137
2020-12-31,GA-UQ,0.03903098014866624,0.4549908310283213,0.0004549908310283213,34,ewma,10,137
2021-01-31,1/N,-0.020412139629139868,0.08854210344518958,8.854210344518958e-05,34,ewma,10,137
2021-01-31,GA-UQ,-0.040896970477388654,0.017946172370467507,1.7946172370467506e-05,34,ewma,10,137
2021-02-28,1/N,0.05533142180073843,0.04288596297114022,4.288596297114022e-05,34,ewma,10,137
2021-02-28,GA-UQ,0.04533866498775868,0.1368449968591196,0.00013684499685911962,34,ewma,10,137
2021-03-31,1/N,0.057618937364907995,0.046267065701626,4.626706570162601e-05,34,ewma,10,137
2021-03-31,GA-UQ,0.07250187883085606,0.14071379639586518,0.00014071379639586518,34,ewma,10,137
2021-04-30,1/N,0.013049488724787275,0.058899408733204296,5.88994087332043e-05,34,ewma,10,137
2021-04-30,GA-UQ,0.07248617903067033,0.4964154331295296,0.0004964154331295297,34,ewma,10,137
2021-05-31,1/N,0.010081540554217701,0.043030868879357,4.3030868879357e-05,34,ewma,10,137
2021-05-31,GA-UQ,0.053877656334223756,0.38430249929678384,0.00038430249929678387,34,ewma,10,137
2021-06-30,1/N,-0.007043297982890055,0.04193210317322081,4.193210317322081e-05,34,ewma,10,137
2021-06-30,GA-UQ,0.03633769901098773,0.5765827561443221,0.0005765827561443221,34,ewma,10,137
2021-07-31,1/N,-0.0008432742592130276,0.0335544175871003,3.35544175871003e-05,34,ewma,10,137
2021-07-31,GA-UQ,0.023160331737902464,0.5165140833940384,0.0005165140833940383,34,ewma,10,137
2021-08-31,1/N,0.02246064584923008,0.03834476015496585,3.834476015496585e-05,34,ewma,10,137
2021-08-31,GA-UQ,-0.06060701044051196,0.794580452107959,0.0007945804521079591,34,ewma,10,137
2021-09-30,1/N,-0.008387131887533955,0.05996547157422458,5.996547157422458e-05,34,ewma,10,137
2021-09-30,GA-UQ,-0.04416768272428244,0.980437281486511,0.000980437281486511,34,ewma,10,137
2021-10-31,1/N,0.029400637553232026,0.039890162555246945,3.9890162555246945e-05,34,ewma,10,137
2021-10-31,GA-UQ,0.10305035040936701,0.6173981736986035,0.0006173981736986035,34,ewma,10,137
2021-11-30,1/N,-0.043427087787117534,0.04556859971467125,4.556859971467125e-05,34,ewma,10,137
2021-11-30,GA-UQ,0.026770609441523756,1.2763234473098863,0.0012763234473098864,34,ewma,10,137
2021-12-31,1/N,0.06230295837576838,0.04019589687794894,4.019589687794894e-05,34,ewma,10,137
2021-12-31,GA-UQ,0.023564399293340758,0.49218547537366647,0.0004921854753736664,34,ewma,10,137
2022-01-31,1/N,-0.018289345537145372,0.059127033265837195,5.91270332658372e-05,34,ewma,10,137
2022-01-31,GA-UQ,-0.061626117625207845,0.04108841298311422,4.108841298311422e-05,34,ewma,10,137
2022-02-28,1/N,-0.041996893410537854,0.033385107858898415,3.3385107858898414e-05,34,ewma,10,137
2022-02-28,GA-UQ,-0.08080771815743078,0.40887388099668504,0.00040887388099668503,34,ewma,10,137
2022-03-31,1/N,-0.016958067873969855,0.06724548131273864,6.724548131273863e-05,34,ewma,10,137
2022-03-31,GA-UQ,0.007897094188971828,0.1694891424267942,0.0001694891424267942,34,ewma,10,137
2022-04-30,1/N,-0.009247496130054022,0.07628051760483137,7.628051760483137e-05,34,ewma,10,137
2022-04-30,GA-UQ,-0.0706786658740762,0.22716078682479368,0.00022716078682479367,34,ewma,10,137
2022-05-31,1/N,0.007243892529554918,0.06700653005573962,6.700653005573962e-05,34,ewma,10,137
2022-05-31,GA-UQ,0.016974888327689248,0.40724067340464964,0.00040724067340464965,34,ewma,10,137
2022-06-30,1/N,-0.12320865028295226,0.04419623334350431,4.419623334350431e-05,34,ewma,10,137
2022-06-30,GA-UQ,-0.12313336203808788,0.55647723863415,0.00055647723863415,34,ewma,10,137
2022-07-31,1/N,0.06341829939807128,0.06591611502623283,6.591611502623284e-05,34,ewma,10,137
2022-07-31,GA-UQ,0.13703596370982318,0.6026665021265423,0.0006026665021265422,34,ewma,10,137
2022-08-31,1/N,-0.0461972668174522,0.09241658167755391,9.241658167755392e-05,34,ewma,10,137
2022-08-31,GA-UQ,-0.04079464742808904,1.1963947459711504,0.0011963947459711504,34,ewma,10,137
2022-09-30,1/N,-0.0866203366557067,0.06769784340346283,6.769784340346283e-05,34,ewma,10,137
2022-09-30,GA-UQ,-0.0719955612264317,0.25579030338475117,0.0002557903033847512,34,ewma,10,137
2022-10-31,1/N,0.09292867141783216,0.049514298640459295,4.951429864045929e-05,34,ewma,10,137
2022-10-31,GA-UQ,0.04303761091911061,0.15892286478271755,0.00015892286478271756,34,ewma,10,137
2022-11-30,1/N,0.06928956190635711,0.051092292406097396,5.10922924060974e-05,34,ewma,10,137
2022-11-30,GA-UQ,0.08429575950733088,0.5335321899442734,0.0005335321899442734,34,ewma,10,137
2022-12-31,1/N,-0.04495121400020115,0.061682959862532874,6.168295986253288e-05,34,ewma,10,137
2022-12-31,GA-UQ,-0.05136979067847253,0.5525537352405625,0.0005525537352405626,34,ewma,10,137
2023-01-31,1/N,0.12292661540965975,0.04378621716240066,4.3786217162400655e-05,34,ewma,10,137
2023-01-31,GA-UQ,0.10994311539124584,0.44161423836012614,0.00044161423836012613,34,ewma,10,137
2023-02-28,1/N,0.04206440210119949,0.03445583208133337,3.445583208133337e-05,34,ewma,10,137
2023-02-28,GA-UQ,0.010423425423044077,0.30233638516264405,0.0003023363851626441,34,ewma,10,137
2023-03-31,1/N,-0.027172767426125396,0.06377013440862914,6.377013440862913e-05,34,ewma,10,137
2023-03-31,GA-UQ,0.0261383155816886,0.13123795347038214,0.00013123795347038213,34,ewma,10,137
2023-04-30,1/N,0.019436268788107672,0.04089326466284112,4.0893264662841125e-05,34,ewma,10,137
2023-04-30,GA-UQ,0.036902308933988284,0.6136906137158948,0.0006136906137158949,34,ewma,10,137
2023-05-31,1/N,-0.04969994517404181,0.059365229914925266,5.9365229914925265e-05,34,ewma,10,137
2023-05-31,GA-UQ,-0.07076369139936699,0.607469040284108,0.000607469040284108,34,ewma,10,137
2023-06-30,1/N,0.035146101358487176,0.05506404654227452,5.5064046542274524e-05,34,ewma,10,137
2023-06-30,GA-UQ,0.05220019630691006,0.37381986652507576,0.00037381986652507577,34,ewma,10,137
2023-07-31,1/N,-0.0008206333212268842,0.05687517310185096,5.687517310185096e-05,34,ewma,10,137
2023-07-31,GA-UQ,-0.0023125554501621554,0.45638607556886784,0.00045638607556886787,34,ewma,10,137
2023-08-31,1/N,-0.028952002731354603,0.04538728496558025,4.538728496558025e-05,34,ewma,10,137
2023-08-31,GA-UQ,-0.0384115450283361,0.19208804574377075,0.00019208804574377076,34,ewma,10,137
2023-09-30,1/N,-0.04788561558571444,0.05533166996390573,5.533166996390573e-05,34,ewma,10,137
2023-09-30,GA-UQ,-0.015617781819536363,0.5769627606768483,0.0005769627606768483,34,ewma,10,137
2023-10-31,1/N,-0.05320246122862293,0.0478082680031198,4.78082680031198e-05,34,ewma,10,137
2023-10-31,GA-UQ,-0.002579366715131973,0.5344086192604818,0.0005344086192604818,34,ewma,10,137
2023-11-30,1/N,0.041387374038014034,0.062181886656954566,6.218188665695457e-05,34,ewma,10,137
2023-11-30,GA-UQ,0.028808484189649406,0.4842026558742447,0.0004842026558742447,34,ewma,10,137
2023-12-31,1/N,0.04285689023479209,0.0897460696535897,8.974606965358969e-05,34,ewma,10,137
2023-12-31,GA-UQ,-0.0009848669788132267,0.5789796540598398,0.0005789796540598398,34,ewma,10,137
2024-01-31,1/N,-0.01820048868317564,0.05841631268598401,5.841631268598401e-05,34,ewma,10,137
2024-01-31,GA-UQ,0.037478429940920904,0.46399350043020593,0.00046399350043020596,34,ewma,10,137
2024-02-29,1/N,-0.001176413140433935,0.04502633983550035,4.502633983550035e-05,34,ewma,10,137
2024-02-29,GA-UQ,0.01271478536704521,0.24597902829909965,0.0002459790282990997,34,ewma,10,137
2024-03-31,1/N,0.0061210304519754575,0.06893772644607146,6.893772644607146e-05,34,ewma,10,137
2024-03-31,GA-UQ,0.07335185355300569,0.20081855062817433,0.00020081855062817434,34,ewma,10,137
2024-04-30,1/N,-0.029213122334630887,0.08172044857221673,8.172044857221674e-05,34,ewma,10,137
2024-04-30,GA-UQ,0.013312753584228867,0.3358661532199735,0.0003358661532199735,34,ewma,10,137
2024-05-31,1/N,0.022698938443720024,0.08836972085604339,8.836972085604339e-05,34,ewma,10,137
2024-05-31,GA-UQ,0.0053197520134662035,0.18473321872258883,0.00018473321872258884,34,ewma,10,137
2024-06-30,1/N,-0.08697791914078849,0.051213140713395326,5.121314071339533e-05,34,ewma,10,137
2024-06-30,GA-UQ,-0.06699700953151336,0.234982744319841,0.000234982744319841,34,ewma,10,137
2024-07-31,1/N,0.006569597536599651,0.0549160389078024,5.49160389078024e-05,34,ewma,10,137
2024-07-31,GA-UQ,-0.02119803999036719,0.28745471846018134,0.00028745471846018135,34,ewma,10,137
2024-08-31,1/N,-0.0054807999162759,0.06251650843147728,6.251650843147728e-05,34,ewma,10,137
2024-08-31,GA-UQ,0.017783481498990592,0.3620784324999693,0.0003620784324999693,34,ewma,10,137
2024-09-30,1/N,-0.003957415195811585,0.05319429044498679,5.319429044498679e-05,34,ewma,10,137
2024-09-30,GA-UQ,-0.008613983795878829,0.8438290201168982,0.0008438290201168982,34,ewma,10,137
2024-10-31,1/N,-0.016374138090893654,0.03762781111429066,3.762781111429066e-05,34,ewma,10,137
2024-10-31,GA-UQ,0.01942244301817087,0.3903360127057503,0.0003903360127057503,34,ewma,10,137
2003-03-31,1/N,-0.07024699871208541,0.0,0.0,34,ewma,25,137
2003-03-31,GA-UQ,0.042170413993086894,0.0,0.0,34,ewma,25,137
2003-04-30,1/N,0.17487591307245276,0.06792824299288255,0.00016982060748220638,34,ewma,25,137
2003-04-30,GA-UQ,0.039146864952583425,0.22700583554320036,0.000567514588858001,34,ewma,25,137
2003-05-31,1/N,0.05335444015931879,0.08873135705686638,0.00022182839264216596,34,ewma,25,137
2003-05-31,GA-UQ,0.05143167968208032,0.21705825765354508,0.0005426456441338627,34,ewma,25,137
2003-06-30,1/N,0.03199018929430136,0.06769661655422204,0.0001692415413855551,34,ewma,25,137
2003-06-30,GA-UQ,-0.05076961471012265,0.16753881994672246,0.00041884704986680613,34,ewma,25,137
2003-07-31,1/N,0.05281241724014074,0.08525571311648739,0.00021313928279121847,34,ewma,25,137
2003-07-31,GA-UQ,-0.01007433129906955,0.03849568246500723,9.623920616251807e-05,34,ewma,25,137
2003-08-31,1/N,0.03900555335640398,0.056562389875960975,0.00014140597468990243,34,ewma,25,137
2003-08-31,GA-UQ,0.0205953071675943,0.32947633873951504,0.0008236908468487876,34,ewma,25,137
2003-09-30,1/N,-0.03578579385844881,0.05390435338488627,0.00013476088346221567,34,ewma,25,137
2003-09-30,GA-UQ,0.020319924174441374,0.28566177276243565,0.0007141544319060892,34,ewma,25,137
2003-10-31,1/N,0.08758392336505767,0.057321731400811364,0.00014330432850202842,34,ewma,25,137
2003-10-31,GA-UQ,0.021365725860767792,0.5618345915748737,0.0014045864789371842,34,ewma,25,137
2003-11-30,1/N,0.014031085619716532,0.06919936247436151,0.00017299840618590379,34,ewma,25,137
2003-11-30,GA-UQ,0.051511398529279606,0.47677238715019477,0.001191930967875487,34,ewma,25,137
2003-12-31,1/N,-0.001253663499263448,0.048614103445944024,0.00012153525861486006,34,ewma,25,137
2003-12-31,GA-UQ,-0.013129755702996158,0.13533794184545006,0.00033834485461362517,34,ewma,25,137
2004-01-31,1/N,0.04791876438774891,0.04389192378110868,0.00010972980945277169,34,ewma,25,137
2004-01-31,GA-UQ,0.0007595576777151634,0.5642719596239939,0.0014106798990599848,34,ewma,25,137
2004-02-29,1/N,0.03756585697324456,0.05671334945058758,0.00014178337362646894,34,ewma,25,137
2004-02-29,GA-UQ,0.08821980839295648,1.1270403819309065,0.0028176009548272663,34,ewma,25,137
2004-03-31,1/N,-0.02044131202683759,0.06676589858758236,0.0001669147464689559,34,ewma,25,137
2004-03-31,GA-UQ,0.0916953879400802,0.5012685265165825,0.0012531713162914563,34,ewma,25,137
2004-04-30,1/N,0.00840167073525599,0.04841538435509293,0.00012103846088773233,34,ewma,25,137
2004-04-30,GA-UQ,0.017976864713931808,0.20541298843518452,0.0005135324710879613,34,ewma,25,137
2004-05-31,1/N,-0.011520548754812005,0.04949718199300593,0.00012374295498251482,34,ewma,25,137
2004-05-31,GA-UQ,0.06717746726130686,0.25251928456100897,0.0006312982114025224,34,ewma,25,137
2004-06-30,1/N,0.030568835119775806,0.040543483716571724,0.00010135870929142932,34,ewma,25,137
2004-06-30,GA-UQ,0.050210453235098707,0.28628092722293064,0.0007157023180573266,34,ewma,25,137
2004-07-31,1/N,-0.037621539664984785,0.043543048859607345,0.00010885762214901836,34,ewma,25,137
2004-07-31,GA-UQ,-0.0016380706759972076,0.25635713952557854,0.0006408928488139463,34,ewma,25,137
2004-08-31,1/N,-0.021517504299803782,0.0335720003829896,8.393000095747401e-05,34,ewma,25,137
2004-08-31,GA-UQ,0.07461040380222084,0.4537052181305805,0.0011342630453264513,34,ewma,25,137
2004-09-30,1/N,-0.0004830818843754507,0.05653213242125431,0.00014133033105313578,34,ewma,25,137
2004-09-30,GA-UQ,0.04072024936878743,0.24315306784640756,0.0006078826696160189,34,ewma,25,137
2004-10-31,1/N,0.025125165563421797,0.04722034753127935,0.00011805086882819837,34,ewma,25,137
2004-10-31,GA-UQ,0.06485646165950829,0.30069736573577927,0.0007517434143394482,34,ewma,25,137
2004-11-30,1/N,0.03482904539981101,0.04070443627211974,0.00010176109068029935,34,ewma,25,137
2004-11-30,GA-UQ,0.07283096511574572,0.6557065458121726,0.0016392663645304316,34,ewma,25,137
2004-12-31,1/N,0.01856664876027795,0.04284357224463524,0.0001071089306115881,34,ewma,25,137
2004-12-31,GA-UQ,-0.06821672199132824,0.22304677145156915,0.0005576169286289229,34,ewma,25,137
2005-01-31,1/N,0.023978417080184323,0.03830681359388601,9.576703398471503e-05,34,ewma,25,137
2005-01-31,GA-UQ,0.002618140547852402,0.07462356746558799,0.00018655891866396998,34,ewma,25,137
2005-02-28,1/N,0.03790648714208002,0.042643157470357004,0.00010660789367589252,34,ewma,25,137
2005-02-28,GA-UQ,0.0646113542846184,0.5353730236594304,0.001338432559148576,34,ewma,25,137
2005-03-31,1/N,-0.014409125776987374,0.04993126963490874,0.00012482817408727184,34,ewma,25,137
2005-03-31,GA-UQ,-0.11790048370843532,0.2284644242716464,0.000571161060679116,34,ewma,25,137
2005-04-30,1/N,-0.05928634919958246,0.049091254184006075,0.0001227281354600152,34,ewma,25,137
2005-04-30,GA-UQ,-0.17965802152007,0.354173939781,0.0008854348494524999,34,ewma,25,137
2005-05-31,1/N,0.05915098583466775,0.040503280674783634,0.00010125820168695908,34,ewma,25,137
2005-05-31,GA-UQ,0.06092089285841639,0.6175016565384475,0.0015437541413461187,34,ewma,25,137
2005-06-30,1/N,0.03818471377624448,0.04488339020816326,0.00011220847552040815,34,ewma,25,137
2005-06-30,GA-UQ,0.06370730619293326,1.0484151336956127,0.0026210378342390317,34,ewma,25,137
2005-07-31,1/N,0.051355192295438376,0.028074061745664555,7.018515436416139e-05,34,ewma,25,137
2005-07-31,GA-UQ,0.058847423288227424,0.18074148605216764,0.00045185371513041913,34,ewma,25,137
2005-08-31,1/N,-0.012176186919088797,0.03433638097910576,8.584095244776441e-05,34,ewma,25,137
2005-08-31,GA-UQ,0.0023530466801098323,0.30286298590206556,0.0007571574647551639,34,ewma,25,137
2005-09-30,1/N,0.05141066385771742,0.04002221383961395,0.00010005553459903487,34,ewma,25,137
2005-09-30,GA-UQ,0.01290042681955423,0.3315168989931614,0.0008287922474829035,34,ewma,25,137
2005-10-31,1/N,-0.0384920841802426,0.0359745005543432,8.993625138585801e-05,34,ewma,25,137
2005-10-31,GA-UQ,-0.09938924837034285,0.04994194951766769,0.00012485487379416924,34,ewma,25,137
2005-11-30,1/N,0.03435500961375819,0.039852827071629904,9.963206767907476e-05,34,ewma,25,137
2005-11-30,GA-UQ,0.04744588540868169,0.450308089540076,0.00112577022385019,34,ewma,25,137
2005-12-31,1/N,0.021681383883262875,0.03924949866206455,9.812374665516137e-05,34,ewma,25,137
2005-12-31,GA-UQ,0.019948904424956063,0.5874860581428563,0.0014687151453571406,34,ewma,25,137
2006-01-31,1/N,0.04978363667025829,0.04258452437100112,0.00010646131092750279,34,ewma,25,137
2006-01-31,GA-UQ,0.15231765196074074,0.5301565380520189,0.0013253913451300474,34,ewma,25,137
2006-02-28,1/N,0.015260426189103497,0.028036228136513908,7.009057034128477e-05,34,ewma,25,137
2006-02-28,GA-UQ,-0.01111756558015534,0.44157474375969574,0.0011039368593992393,34,ewma,25,137
2006-03-31,1/N,0.03450138126512481,0.04788073210731128,0.0001197018302682782,34,ewma,25,137
2006-03-31,GA-UQ,0.06770947344461278,0.5089429165693005,0.0012723572914232512,34,ewma,25,137
2006-04-30,1/N,-0.0005297948047614214,0.04183020496397766,0.00010457551240994414,34,ewma,25,137
2006-04-30,GA-UQ,-0.03737938503318644,0.02181233955458157,5.453084888645393e-05,34,ewma,25,137
2006-05-31,1/N,-0.06364748041497556,0.03773246825539111,9.433117063847777e-05,34,ewma,25,137
2006-05-31,GA-UQ,-0.09547680839252004,0.12362263843236099,0.00030905659608090246,34,ewma,25,137
2006-06-30,1/N,-0.0025680701199170676,0.03886893278079881,9.717233195199703e-05,34,ewma,25,137
2006-06-30,GA-UQ,0.028499130378869465,0.47404573420242846,0.0011851143355060712,34,ewma,25,137
2006-07-31,1/N,-0.015571715444126624,0.03313987908493561,8.284969771233903e-05,34,ewma,25,137
2006-07-31,GA-UQ,0.024398063220545104,0.44179400396419294,0.0011044850099104825,34,ewma,25,137
2006-08-31,1/N,0.0544106168511233,0.038839666177064414,9.709916544266104e-05,34,ewma,25,137
2006-08-31,GA-UQ,0.025504302381061987,0.2671508007026969,0.0006678770017567423,34,ewma,25,137
2006-09-30,1/N,0.015347899004753618,0.057490380988281374,0.00014372595247070345,34,ewma,25,137
2006-09-30,GA-UQ,0.03933241540526521,0.6372761466479915,0.0015931903666199787,34,ewma,25,137
2006-10-31,1/N,0.026238501340847924,0.03194546713474139,7.986366783685348e-05,34,ewma,25,137
2006-10-31,GA-UQ,0.07759988813117732,0.47423193940359165,0.0011855798485089792,34,ewma,25,137
2006-11-30,1/N,0.00544350510196174,0.032986260072917266,8.246565018229317e-05,34,ewma,25,137
2006-11-30,GA-UQ,0.004773245814391123,0.016685807889181562,4.1714519722953903e-05,34,ewma,25,137
2006-12-31,1/N,0.04013527385348129,0.03716206343136362,9.290515857840905e-05,34,ewma,25,137
2006-12-31,GA-UQ,0.022595495599414348,0.41560206889617196,0.00103900517224043,34,ewma,25,137
2007-01-31,1/N,0.02785221454116895,0.03929339316259329,9.823348290648323e-05,34,ewma,25,137
2007-01-31,GA-UQ,0.09346987175525932,0.048647828081002265,0.00012161957020250567,34,ewma,25,137
2007-02-28,1/N,-0.0004862579179861369,0.03333555013180094,8.333887532950234e-05,34,ewma,25,137
2007-02-28,GA-UQ,0.01302984510685336,0.2786311896273859,0.0006965779740684649,34,ewma,25,137
2007-03-31,1/N,0.04522377897112326,0.04392801096210377,0.00010982002740525942,34,ewma,25,137
2007-03-31,GA-UQ,0.07962790359453097,0.19815921737624748,0.0004953980434406187,34,ewma,25,137
2007-04-30,1/N,0.040929815290823145,0.039313703737600895,9.828425934400224e-05,34,ewma,25,137
2007-04-30,GA-UQ,0.012360347364730594,0.08334995976514667,0.0002083748994128667,34,ewma,25,137
2007-05-31,1/N,0.02304357336149499,0.04573893249413805,0.00011434733123534514,34,ewma,25,137
2007-05-31,GA-UQ,0.0376444922640226,0.06790518568540445,0.00016976296421351112,34,ewma,25,137
2007-06-30,1/N,0.0002959473997462066,0.03906390624084333,9.765976560210832e-05,34,ewma,25,137
2007-06-30,GA-UQ,-0.006301158999812439,0.3028057978278374,0.0007570144945695935,34,ewma,25,137
2007-07-31,1/N,-0.04258856715751305,0.039225612215776556,9.806403053944139e-05,34,ewma,25,137
2007-07-31,GA-UQ,0.0029417932483563796,0.34701374901474874,0.0008675343725368719,34,ewma,25,137
2007-08-31,1/N,-0.015345581585438802,0.03716924820202608,9.29231205050652e-05,34,ewma,25,137
2007-08-31,GA-UQ,0.008155778612725362,0.30591127507479793,0.0007647781876869949,34,ewma,25,137
2007-09-30,1/N,0.0024738471441593537,0.03733544481341605,9.333861203354013e-05,34,ewma,25,137
2007-09-30,GA-UQ,0.08812624274353642,0.4653363256884989,0.0011633408142212474,34,ewma,25,137
2007-10-31,1/N,0.025465857528984986,0.030063350863336703,7.515837715834176e-05,34,ewma,25,137
2007-10-31,GA-UQ,0.12098062647558464,0.22853847585937906,0.0005713461896484477,34,ewma,25,137
2007-11-30,1/N,-0.06803537836486886,0.04612294414049171,0.00011530736035122927,34,ewma,25,137
2007-11-30,GA-UQ,-0.06355175335565612,0.09151970391211732,0.0002287992597802933,34,ewma,25,137
2007-12-31,1/N,-0.02232732652235407,0.03878536745070024,9.69634186267506e-05,34,ewma,25,137
2007-12-31,GA-UQ,-0.03261462757351418,0.04376862249075551,0.00010942155622688879,34,ewma,25,137
2008-01-31,1/N,-0.1255157004048752,0.05820580748207088,0.00014551451870517722,34,ewma,25,137
2008-01-31,GA-UQ,-0.09330408907803206,0.29842661459694864,0.0007460665364923716,34,ewma,25,137
2008-02-29,1/N,-0.00011464216796038615,0.04767973794627639,0.00011919934486569099,34,ewma,25,137
2008-02-29,GA-UQ,0.055918608106972585,0.2904825140235901,0.0007262062850589753,34,ewma,25,137
2008-03-31,1/N,-0.01161283139559473,0.04988782262379364,0.0001247195565594841,34,ewma,25,137
2008-03-31,GA-UQ,-0.021384494793064295,0.35476285317883854,0.0008869071329470964,34,ewma,25,137
2008-04-30,1/N,0.03894017485690443,0.0442295676576885,0.00011057391914422125,34,ewma,25,137
2008-04-30,GA-UQ,0.07948279071840991,0.3218630391504671,0.0008046575978761678,34,ewma,25,137
2008-05-31,1/N,0.015128851564702,0.040233601173372074,0.00010058400293343019,34,ewma,25,137
2008-05-31,GA-UQ,0.09040444460525393,0.189829047440434,0.000474572618601085,34,ewma,25,137
2008-06-30,1/N,-0.1390917557002443,0.06306531001652317,0.00015766327504130792,34,ewma,25,137
2008-06-30,GA-UQ,-0.08277848948701155,0.12129493272373343,0.0003032373318093336,34,ewma,25,137
2008-07-31,1/N,-0.005316983156923178,0.041085664500993276,0.00010271416125248319,34,ewma,25,137
2008-07-31,GA-UQ,-0.02605494713102564,0.03347214219744321,8.368035549360803e-05,34,ewma,25,137
2008-08-31,1/N,0.04968459828924458,0.06106766927294617,0.00015266917318236542,34,ewma,25,137
2008-08-31,GA-UQ,-0.045970565479895725,0.22723012820383978,0.0005680753205095995,34,ewma,25,137
2008-09-30,1/N,-0.1209907342720385,0.05843368379842586,0.00014608420949606467,34,ewma,25,137
2008-09-30,GA-UQ,-0.25828056129508814,0.2797318771351131,0.0006993296928377827,34,ewma,25,137
2008-10-31,1/N,-0.18362047528894943,0.05513449362289154,0.00013783623405722885,34,ewma,25,137
2008-10-31,GA-UQ,-0.2951984743216917,0.013004347666410145,3.2510869166025365e-05,34,ewma,25,137
2008-11-30,1/N,-0.057262713364886746,0.10250211149851839,0.00025625527874629595,34,ewma,25,137
2008-11-30,GA-UQ,0.004896103651388527,1.0329775394018077,0.0025824438485045195,34,ewma,25,137
2008-12-31,1/N,0.004828429689471007,0.12944328794332627,0.00032360821985831566,34,ewma,25,137
2008-12-31,GA-UQ,0.012689397869431155,1.2151866652216048,0.003037966663054012,34,ewma,25,137
2009-01-31,1/N,-0.06776604287359174,0.09494718954043077,0.00023736797385107692,34,ewma,25,137
2009-01-31,GA-UQ,-0.1136101107080147,0.2262004817826716,0.0005655012044566791,34,ewma,25,137
2009-02-28,1/N,-0.08249800814783412,0.07537317251810541,0.00018843293129526352,34,ewma,25,137
2009-02-28,GA-UQ,-0.02220402760612819,0.2967781520584386,0.0007419453801460965,34,ewma,25,137
2009-03-31,1/N,0.05042372985884221,0.08465370598058218,0.00021163426495145546,34,ewma,25,137
2009-03-31,GA-UQ,-0.0371612687015976,1.0390089701653786,0.0025975224254134468,34,ewma,25,137
2009-04-30,1/N,0.1938717655890765,0.0933460043720558,0.0002333650109301395,34,ewma,25,137
2009-04-30,GA-UQ,0.007762474363367652,0.31469898670175306,0.0007867474667543826,34,ewma,25,137
2009-05-31,1/N,0.01676502758821442,0.0810126483972366,0.0002025316209930915,34,ewma,25,137
2009-05-31,GA-UQ,0.03153075271406557,0.5760422420591472,0.0014401056051478681,34,ewma,25,137
2009-06-30,1/N,-0.030900044545374764,0.0990401000054203,0.0002476002500135507,34,ewma,25,137
2009-06-30,GA-UQ,-0.0457554214325197,0.3765594143837563,0.0009413985359593908,34,ewma,25,137
2009-07-31,1/N,0.14117884674177705,0.06713466789995146,0.00016783666974987864,34,ewma,25,137
2009-07-31,GA-UQ,0.051240835364924985,0.2295322033459944,0.000573830508364986,34,ewma,25,137
2009-08-31,1/N,0.06750362094950346,0.03529530827310717,8.823827068276794e-05,34,ewma,25,137
2009-08-31,GA-UQ,0.03074938281634851,0.2977322447052097,0.0007443306117630243,34,ewma,25,137
2009-09-30,1/N,0.05609562121374658,0.06594315801903174,0.00016485789504757934,34,ewma,25,137
2009-09-30,GA-UQ,0.032463105622190236,0.5489611632820847,0.0013724029082052118,34,ewma,25,137
2009-10-31,1/N,-0.05477037467031338,0.05766800375599267,0.00014417000938998168,34,ewma,25,137
2009-10-31,GA-UQ,-0.05864319451236717,0.19140895069696165,0.00047852237674240414,34,ewma,25,137
2009-11-30,1/N,0.014843668977479189,0.048734301557889416,0.00012183575389472355,34,ewma,25,137
2009-11-30,GA-UQ,0.014235854448258943,0.4559724275668179,0.0011399310689170447,34,ewma,25,137
2009-12-31,1/N,0.0901380196461285,0.049983664449873746,0.00012495916112468438,34,ewma,25,137
2009-12-31,GA-UQ,0.063976152827995,0.4378554982997847,0.0010946387457494617,34,ewma,25,137
2010-01-31,1/N,-0.022895036444893446,0.04198278632525372,0.0001049569658131343,34,ewma,25,137
2010-01-31,GA-UQ,-0.057882363466807675,0.396435355542116,0.00099108838885529,34,ewma,25,137
2010-02-28,1/N,-0.012736924863752195,0.04099610829356766,0.00010249027073391915,34,ewma,25,137
2010-02-28,GA-UQ,0.026935383775743754,0.12328080652247898,0.0003082020163061975,34,ewma,25,137
2010-03-31,1/N,0.0854665834626715,0.04222337327668398,0.00010555843319170996,34,ewma,25,137
2010-03-31,GA-UQ,0.03500099171520461,0.8311527508787742,0.0020778818771969355,34,ewma,25,137
2010-04-30,1/N,-0.0009345619293641663,0.050085154954522475,0.00012521288738630618,34,ewma,25,137
2010-04-30,GA-UQ,0.03403341409319136,0.5019913343441298,0.0012549783358603245,34,ewma,25,137
2010-05-31,1/N,-0.06983017072952159,0.03931574554074519,9.828936385186298e-05,34,ewma,25,137
2010-05-31,GA-UQ,-0.029595301291779962,0.5123011092803066,0.0012807527732007665,34,ewma,25,137
2010-06-30,1/N,-0.007699717927182953,0.036463647012806286,9.115911753201572e-05,34,ewma,25,137
2010-06-30,GA-UQ,0.05023117880323547,0.4520669204362251,0.0011301673010905627,34,ewma,25,137
2010-07-31,1/N,0.045992921584239725,0.05448718899224596,0.0001362179724806149,34,ewma,25,137
2010-07-31,GA-UQ,-0.0014753683349385427,0.2030744565524409,0.0005076861413811023,34,ewma,25,137
2010-08-31,1/N,-0.042019341786281916,0.04305021700685233,0.00010762554251713083,34,ewma,25,137
2010-08-31,GA-UQ,-0.03409590604602291,0.3342370104023181,0.0008355925260057954,34,ewma,25,137
2010-09-30,1/N,0.08217791900827352,0.05110254750444585,0.00012775636876111464,34,ewma,25,137
2010-09-30,GA-UQ,0.08652375651870517,0.37328749705116837,0.0009332187426279209,34,ewma,25,137
2010-10-31,1/N,0.038484740409876456,0.03804046501961532,9.51011625490383e-05,34,ewma,25,137
2010-10-31,GA-UQ,0.004647800295811661,0.42148211945068065,0.0010537052986267015,34,ewma,25,137
2010-11-30,1/N,-0.0347715060237803,0.05081895825153186,0.00012704739562882967,34,ewma,25,137
2010-11-30,GA-UQ,-0.01625993561366826,0.2428374998345467,0.0006070937495863668,34,ewma,25,137
2010-12-31,1/N,0.07045540116281353,0.03668874065188342,9.172185162970855e-05,34,ewma,25,137
2010-12-31,GA-UQ,0.0713919272122291,0.4909825932627408,0.001227456483156852,34,ewma,25,137
2011-01-31,1/N,0.044299250168390925,0.05456658583922677,0.00013641646459806693,34,ewma,25,137
2011-01-31,GA-UQ,-0.0012488754446785594,0.6019512043828097,0.0015048780109570242,34,ewma,25,137
2011-02-28,1/N,0.032584029564083274,0.04608058851387866,0.00011520147128469665,34,ewma,25,137
2011-02-28,GA-UQ,-0.018461923414342957,0.44905001379594717,0.001122625034489868,34,ewma,25,137
2011-03-31,1/N,-0.0274096003447035,0.05515993841315854,0.00013789984603289636,34,ewma,25,137
2011-03-31,GA-UQ,-0.029890240195687826,0.36171242766680295,0.0009042810691670074,34,ewma,25,137
2011-04-30,1/N,0.03647454269037965,0.050463458534210935,0.00012615864633552733,34,ewma,25,137
2011-04-30,GA-UQ,0.017628855977835395,0.8890942441246436,0.002222735610311609,34,ewma,25,137
2011-05-31,1/N,-0.010664949752942207,0.035041950095186715,8.760487523796679e-05,34,ewma,25,137
2011-05-31,GA-UQ,0.0449801244411803,0.12115346174246304,0.00030288365435615763,34,ewma,25,137
2011-06-30,1/N,-0.004817272307599718,0.0367080838678006,9.17702096695015e-05,34,ewma,25,137
2011-06-30,GA-UQ,0.012128786509122056,0.826681520243981,0.0020667038006099525,34,ewma,25,137
2011-07-31,1/N,-0.07436159708017583,0.034678818854405824,8.669704713601456e-05,34,ewma,25,137
2011-07-31,GA-UQ,-0.010919659383833503,0.3375416632507215,0.0008438541581268038,34,ewma,25,137
2011-08-31,1/N,-0.11676709592993925,0.03327672491552165,8.319181228880413e-05,34,ewma,25,137
2011-08-31,GA-UQ,-0.08183696754005172,0.7779788718100606,0.0019449471795251517,34,ewma,25,137
2011-09-30,1/N,-0.10284669047107121,0.06512678836480137,0.00016281697091200345,34,ewma,25,137
2011-09-30,GA-UQ,-0.06406954439257333,1.104627401839435,0.0027615685045985876,34,ewma,25,137
2011-10-31,1/N,0.1058862031282064,0.05773875405641614,0.00014434688514104035,34,ewma,25,137
2011-10-31,GA-UQ,0.01956157894584996,0.23143692749861577,0.0005785923187465394,34,ewma,25,137
2011-11-30,1/N,-0.053568123396653254,0.06551624862275678,0.00016379062155689195,34,ewma,25,137
2011-11-30,GA-UQ,-0.010518432869650679,0.4961087544941058,0.0012402718862352645,34,ewma,25,137
2011-12-31,1/N,-0.01707900367081171,0.05263590345710836,0.0001315897586427709,34,ewma,25,137
2011-12-31,GA-UQ,0.020088304677703634,0.9184633296933014,0.0022961583242332535,34,ewma,25,137
2012-01-31,1/N,0.08446469212292748,0.05886489454484083,0.0001471622363621021,34,ewma,25,137
2012-01-31,GA-UQ,0.059758814512364006,0.9011670943804165,0.0022529177359510415,34,ewma,25,137
2012-02-29,1/N,0.07673165819438948,0.0409783259769151,0.00010244581494228775,34,ewma,25,137
2012-02-29,GA-UQ,0.055793827959974306,0.572640308156958,0.001431600770392395,34,ewma,25,137
2012-03-31,1/N,-0.0010413735703847682,0.06378623879506981,0.00015946559698767454,34,ewma,25,137
2012-03-31,GA-UQ,0.0615830334916767,0.5431862398066829,0.0013579655995167074,34,ewma,25,137
2012-04-30,1/N,-0.06738425959285832,0.04736459219951451,0.00011841148049878628,34,ewma,25,137
2012-04-30,GA-UQ,-0.0025201658268418454,0.45161472615455894,0.0011290368153863974,34,ewma,25,137
2012-05-31,1/N,-0.06585013781306183,0.049276565262634825,0.00012319141315658707,34,ewma,25,137
2012-05-31,GA-UQ,-0.006754660519308906,0.5125556764397439,0.0012813891910993596,34,ewma,25,137
2012-06-30,1/N,0.04305034127532337,0.07368241052246421,0.00018420602630616053,34,ewma,25,137
2012-06-30,GA-UQ,0.0284492308101141,1.4024740464949728,0.0035061851162374318,34,ewma,25,137
2012-07-31,1/N,0.013159629455338323,0.054564149503591154,0.0001364103737589779,34,ewma,25,137
2012-07-31,GA-UQ,-0.013261016155105939,0.9485039001523888,0.0023712597503809723,34,ewma,25,137
2012-08-31,1/N,0.028533077641649755,0.04602662689418405,0.00011506656723546013,34,ewma,25,137
2012-08-31,GA-UQ,-0.004906694643493001,0.14457518632528255,0.00036143796581320636,34,ewma,25,137
2012-09-30,1/N,-0.004980483890678118,0.05590469111527632,0.00013976172778819082,34,ewma,25,137
2012-09-30,GA-UQ,0.03461452036929313,0.5334947248821682,0.0013337368122054206,34,ewma,25,137
2012-10-31,1/N,-0.0009950532213800433,0.04190811094728869,0.00010477027736822172,34,ewma,25,137
2012-10-31,GA-UQ,0.010058328215420988,0.35160993551186304,0.0008790248387796577,34,ewma,25,137
2012-11-30,1/N,0.04800119438444062,0.05417314402478497,0.00013543286006196243,34,ewma,25,137
2012-11-30,GA-UQ,0.05797428887727774,0.1735647378751874,0.0004339118446879685,34,ewma,25,137
2012-12-31,1/N,0.0356528134121922,0.052123239199960016,0.00013030809799990004,34,ewma,25,137
2012-12-31,GA-UQ,0.011067405307551752,0.7710084109740392,0.001927521027435098,34,ewma,25,137
2013-01-31,1/N,0.040270345195739715,0.02770454172330494,6.926135430826235e-05,34,ewma,25,137
2013-01-31,GA-UQ,0.01260118773989041,0.07524297679443662,0.00018810744198609155,34,ewma,25,137
2013-02-28,1/N,0.0095758758954478,0.03574073480110118,8.935183700275296e-05,34,ewma,25,137
2013-02-28,GA-UQ,0.0473825556429042,0.1955385392000123,0.0004888463480000307,34,ewma,25,137
2013-03-31,1/N,0.001401472341122958,0.048424895789792394,0.00012106223947448099,34,ewma,25,137
2013-03-31,GA-UQ,0.013774199375946278,0.16227377393825598,0.00040568443484564,34,ewma,25,137
2013-04-30,1/N,0.0190170466047888,0.04814701627093114,0.00012036754067732786,34,ewma,25,137
2013-04-30,GA-UQ,0.038627096357664516,0.4591418698942828,0.001147854674735707,34,ewma,25,137
2013-05-31,1/N,0.0461005742199163,0.044855566362469304,0.00011213891590617327,34,ewma,25,137
2013-05-31,GA-UQ,0.04649750852097428,0.44237293179655346,0.0011059323294913836,34,ewma,25,137
2013-06-30,1/N,-0.04172655425074375,0.040011890644603296,0.00010002972661150824,34,ewma,25,137
2013-06-30,GA-UQ,-0.03530910452581809,0.5211281129845862,0.0013028202824614653,34,ewma,25,137
2013-07-31,1/N,0.09091763249054675,0.06917745192585747,0.0001729436298146437,34,ewma,25,137
2013-07-31,GA-UQ,0.09166862990919579,0.6145814307500236,0.001536453576875059,34,ewma,25,137
2013-08-31,1/N,-0.016510596562796846,0.037906982924264504,9.476745731066126e-05,34,ewma,25,137
2013-08-31,GA-UQ,-0.033215866632465126,0.12311274919567891,0.0003077818729891973,34,ewma,25,137
2013-09-30,1/N,0.07356558098174641,0.04741684452696623,0.00011854211131741558,34,ewma,25,137
2013-09-30,GA-UQ,0.040914786707600376,0.7242016371851284,0.0018105040929628211,34,ewma,25,137
2013-10-31,1/N,0.04129640464749747,0.030144562090946906,7.536140522736727e-05,34,ewma,25,137
2013-10-31,GA-UQ,-0.015413593506213841,0.3642212568489488,0.000910553142122372,34,ewma,25,137
2013-11-30,1/N,0.011083813200846938,0.04747816824321364,0.0001186954206080341,34,ewma,25,137
2013-11-30,GA-UQ,0.0010680112073912576,0.3353212239841239,0.0008383030599603097,34,ewma,25,137
2013-12-31,1/N,0.011089708077911929,0.05425805414382005,0.00013564513535955014,34,ewma,25,137
2013-12-31,GA-UQ,0.036177750515324694,0.6642539926949977,0.0016606349817374945,34,ewma,25,137
2014-01-31,1/N,-0.014930863496148158,0.03934239051692345,9.835597629230864e-05,34,ewma,25,137
2014-01-31,GA-UQ,0.005406689019480479,0.4584483659946204,0.001146120914986551,34,ewma,25,137
2014-02-28,1/N,0.05119137291987379,0.034049402955158986,8.512350738789746e-05,34,ewma,25,137
2014-02-28,GA-UQ,0.0015426025892791254,0.5367358543920809,0.0013418396359802024,34,ewma,25,137
2014-03-31,1/N,-0.0023245492787922167,0.04622443592201251,0.00011556108980503128,34,ewma,25,137
2014-03-31,GA-UQ,-0.027827705266245673,0.30440778019421005,0.0007610194504855251,34,ewma,25,137
2014-04-30,1/N,0.02610498932856928,0.04833831042740083,0.00012084577606850208,34,ewma,25,137
2014-04-30,GA-UQ,-0.04078047054890499,0.5173231714609547,0.0012933079286523868,34,ewma,25,137
2014-05-31,1/N,0.006129825331930343,0.029117375840297745,7.279343960074436e-05,34,ewma,25,137
2014-05-31,GA-UQ,0.020877206452585208,0.546180665449805,0.0013654516636245127,34,ewma,25,137
2014-06-30,1/N,-0.033442669841529764,0.05209376144558486,0.00013023440361396217,34,ewma,25,137
2014-06-30,GA-UQ,-0.012582332638523758,0.44232091093200876,0.001105802277330022,34,ewma,25,137
2014-07-31,1/N,-0.029461191824234723,0.03783948838387454,9.459872095968635e-05,34,ewma,25,137
2014-07-31,GA-UQ,-0.027444859646542984,0.09609314962533737,0.00024023287406334343,34,ewma,25,137
2014-08-31,1/N,0.01572108792487111,0.031868560720544725,7.967140180136181e-05,34,ewma,25,137
2014-08-31,GA-UQ,0.024109751277883777,0.38398995612440795,0.0009599748903110199,34,ewma,25,137
2014-09-30,1/N,-0.01647942341978679,0.04197877057808912,0.00010494692644522279,34,ewma,25,137
2014-09-30,GA-UQ,-0.011435099233354154,0.17787208019905706,0.00044468020049764266,34,ewma,25,137
2014-10-31,1/N,-0.018790791467322175,0.03278891335804025,8.197228339510063e-05,34,ewma,25,137
2014-10-31,GA-UQ,0.0020584024690734706,0.10732061802110308,0.00026830154505275773,34,ewma,25,137
2014-11-30,1/N,0.06358228153645326,0.034251058294872724,8.562764573718181e-05,34,ewma,25,137
2014-11-30,GA-UQ,0.06900810842553269,0.6783203542109877,0.0016958008855274692,34,ewma,25,137
2014-12-31,1/N,-0.001789749605967829,0.03949431902512821,9.873579756282054e-05,34,ewma,25,137
2014-12-31,GA-UQ,-0.0031123468970556062,0.3677435899082207,0.0009193589747705518,34,ewma,25,137
2015-01-31,1/N,0.0928088602541506,0.0423606177996857,0.00010590154449921426,34,ewma,25,137
2015-01-31,GA-UQ,0.1605007491990415,0.18146719056498598,0.0004536679764124649,34,ewma,25,137
2015-02-28,1/N,0.07902381654636714,0.033925301457639986,8.481325364409996e-05,34,ewma,25,137
2015-02-28,GA-UQ,0.08595397090005612,0.3881090444662901,0.0009702726111657252,34,ewma,25,137
2015-03-31,1/N,0.016969657317509993,0.04473708429226171,0.00011184271073065428,34,ewma,25,137
2015-03-31,GA-UQ,0.025940190325892544,0.35647257654716086,0.0008911814413679022,34,ewma,25,137
2015-04-30,1/N,0.007998575324625015,0.043087333035526976,0.00010771833258881744,34,ewma,25,137
2015-04-30,GA-UQ,0.04465431730882447,0.32450939955427366,0.0008112734988856841,34,ewma,25,137
2015-05-31,1/N,0.0053856181576476935,0.03126141536968989,7.815353842422473e-05,34,ewma,25,137
2015-05-31,GA-UQ,0.0016352821823958036,0.67268918722066,0.00168172296805165,34,ewma,25,137
2015-06-30,1/N,-0.05266483026516798,0.043054063921733055,0.00010763515980433264,34,ewma,25,137
2015-06-30,GA-UQ,-0.036343781303101355,0.6231368747021825,0.0015578421867554562,34,ewma,25,137
2015-07-31,1/N,0.037567991380057376,0.030700668074160668,7.675167018540167e-05,34,ewma,25,137
2015-07-31,GA-UQ,-0.062356482706460506,0.5556792728002851,0.0013891981820007126,34,ewma,25,137
2015-08-31,1/N,-0.07646009934034263,0.025189814871573585,6.297453717893397e-05,34,ewma,25,137
2015-08-31,GA-UQ,-0.07959743797891457,0.3791678254510677,0.0009479195636276693,34,ewma,25,137
2015-09-30,1/N,-0.03536291041200674,0.04853609164676141,0.00012134022911690354,34,ewma,25,137
2015-09-30,GA-UQ,0.03607470955533017,1.075586017213301,0.0026889650430332525,34,ewma,25,137
2015-10-31,1/N,0.10166659859712353,0.04006635297264605,0.00010016588243161513,34,ewma,25,137
2015-10-31,GA-UQ,0.06594244143998382,0.6465303344522758,0.0016163258361306895,34,ewma,25,137
2015-11-30,1/N,0.01843377125738344,0.053204687999298825,0.00013301171999824708,34,ewma,25,137
2015-11-30,GA-UQ,0.02952829783121739,0.7527562400183045,0.0018818906000457613,34,ewma,25,137
2015-12-31,1/N,-0.0480972728851923,0.04537019162641391,0.00011342547906603479,34,ewma,25,137
2015-12-31,GA-UQ,-0.027575714343939524,0.34117839344093626,0.0008529459836023407,34,ewma,25,137
2016-01-31,1/N,-0.04526994337372438,0.03926780868926079,9.816952172315197e-05,34,ewma,25,137
2016-01-31,GA-UQ,-0.05427260325543959,0.13191239763820412,0.0003297809940955103,34,ewma,25,137
2016-02-29,1/N,-0.021377213443578347,0.04310971919870313,0.00010777429799675782,34,ewma,25,137
2016-02-29,GA-UQ,0.016577186698129784,0.2394101970955239,0.0005985254927388097,34,ewma,25,137
2016-03-31,1/N,0.038086278585608514,0.05380493630699499,0.00013451234076748749,34,ewma,25,137
2016-03-31,GA-UQ,0.052355879023723184,0.4111500806983847,0.0010278752017459619,34,ewma,25,137
2016-04-30,1/N,0.010795786209968853,0.05236157715471238,0.00013090394288678094,34,ewma,25,137
2016-04-30,GA-UQ,-0.012270428020131511,0.23553197705174483,0.0005888299426293621,34,ewma,25,137
2016-05-31,1/N,0.014641725395730307,0.06052869860781656,0.0001513217465195414,34,ewma,25,137
2016-05-31,GA-UQ,0.01406298030934298,0.519838506898694,0.001299596267246735,34,ewma,25,137
2016-06-30,1/N,-0.0694800257239433,0.046647570971141764,0.00011661892742785442,34,ewma,25,137
2016-06-30,GA-UQ,-0.040182605221757636,0.08913716193897626,0.00022284290484744066,34,ewma,25,137
2016-07-31,1/N,0.0820404694048888,0.030145048543463115,7.536262135865779e-05,34,ewma,25,137
2016-07-31,GA-UQ,0.08775359816699084,0.4179277574663303,0.0010448193936658258,34,ewma,25,137
2016-08-31,1/N,0.0014085328940037281,0.05150227121960636,0.0001287556780490159,34,ewma,25,137
2016-08-31,GA-UQ,-0.02457192377097798,0.4880796878570965,0.0012201992196427412,34,ewma,25,137
2016-09-30,1/N,0.016590937773929806,0.06299568600188715,0.00015748921500471788,34,ewma,25,137
2016-09-30,GA-UQ,0.05849774436908534,0.30634011426584695,0.0007658502856646174,34,ewma,25,137
2016-10-31,1/N,0.0185327879822502,0.028600578842086482,7.15014471052162e-05,34,ewma,25,137
2016-10-31,GA-UQ,0.030486808432125614,0.14243821209696944,0.0003560955302424236,34,ewma,25,137
2016-11-30,1/N,0.005993346153133568,0.02634721313171943,6.586803282929858e-05,34,ewma,25,137
2016-11-30,GA-UQ,0.05289309810649548,0.26929110880845475,0.0006732277720211369,34,ewma,25,137
2016-12-31,1/N,0.058935425166633575,0.05237474975601748,0.00013093687439004372,34,ewma,25,137
2016-12-31,GA-UQ,0.010154893656989019,0.0555007242011803,0.00013875181050295075,34,ewma,25,137
2017-01-31,1/N,-0.0022040948642503082,0.04175642900369409,0.00010439107250923523,34,ewma,25,137
2017-01-31,GA-UQ,-0.04213588091020487,0.1634174161523692,0.00040854354038092304,34,ewma,25,137
2017-02-28,1/N,0.03237009163388986,0.029233063710011647,7.308265927502912e-05,34,ewma,25,137
2017-02-28,GA-UQ,0.052155669742488864,0.3100103163267895,0.0007750257908169738,34,ewma,25,137
2017-03-31,1/N,0.04869855363491321,0.043680917985018636,0.00010920229496254659,34,ewma,25,137
2017-03-31,GA-UQ,0.01703274135112655,0.6866722833569338,0.0017166807083923343,34,ewma,25,137
2017-04-30,1/N,0.03053990126203995,0.03901951052911109,9.754877632277772e-05,34,ewma,25,137
2017-04-30,GA-UQ,0.03245519998529133,0.5716457466781341,0.0014291143666953351,34,ewma,25,137
2017-05-31,1/N,0.010137430859555534,0.03350754369429355,8.376885923573388e-05,34,ewma,25,137
2017-05-31,GA-UQ,0.018011018547818013,0.4891351163271824,0.0012228377908179559,34,ewma,25,137
2017-06-30,1/N,-0.031030234443877147,0.030733767253435115,7.683441813358779e-05,34,ewma,25,137
2017-06-30,GA-UQ,-0.05336348425981782,0.6082684561239978,0.0015206711403099947,34,ewma,25,137
2017-07-31,1/N,0.003210458732687198,0.03341066295184651,8.352665737961628e-05,34,ewma,25,137
2017-07-31,GA-UQ,0.0001325112582952499,0.1515990885628889,0.00037899772140722227,34,ewma,25,137
2017-08-31,1/N,-0.008043368837913787,0.028624427482327384,7.156106870581846e-05,34,ewma,25,137
2017-08-31,GA-UQ,-0.013206106299143035,0.06878786573327743,0.00017196966433319358,34,ewma,25,137
2017-09-30,1/N,0.06264810172669609,0.03100770132530534,7.751925331326335e-05,34,ewma,25,137
2017-09-30,GA-UQ,0.04065991723240891,0.7020502511246585,0.0017551256278116462,34,ewma,25,137
2017-10-31,1/N,0.03298511880574188,0.02910626510748089,7.276566276870224e-05,34,ewma,25,137
2017-10-31,GA-UQ,-0.006654483329855693,0.41039038706839304,0.0010259759676709826,34,ewma,25,137
2017-11-30,1/N,-0.009933568954547828,0.041460806526637375,0.00010365201631659344,34,ewma,25,137
2017-11-30,GA-UQ,-0.05508234251655876,0.14333848509753871,0.0003583462127438468,34,ewma,25,137
2017-12-31,1/N,0.0013941761611250447,0.044267059351315946,0.00011066764837828986,34,ewma,25,137
2017-12-31,GA-UQ,0.016197854214836077,0.3613126994993624,0.000903281748748406,34,ewma,25,137
2018-01-31,1/N,0.030123178905653632,0.03007296121487464,7.51824030371866e-05,34,ewma,25,137
2018-01-31,GA-UQ,0.024580051930769224,0.7998459463011087,0.001999614865752772,34,ewma,25,137
2018-02-28,1/N,-0.02457235716578433,0.022301648475014483,5.575412118753621e-05,34,ewma,25,137
2018-02-28,GA-UQ,-0.024150496016974027,0.664757245475623,0.0016618931136890575,34,ewma,25,137
2018-03-31,1/N,-0.023683433164826104,0.03112556625981391,7.781391564953477e-05,34,ewma,25,137
2018-03-31,GA-UQ,0.015873218052712516,0.2797331534648752,0.000699332883662188,34,ewma,25,137
2018-04-30,1/N,0.05321279967944484,0.03924881447571682,9.812203618929205e-05,34,ewma,25,137
2018-04-30,GA-UQ,0.08027098398296302,0.5459232462748571,0.0013648081156871427,34,ewma,25,137
2018-05-31,1/N,-0.004141428658696439,0.04525015956823134,0.00011312539892057836,34,ewma,25,137
2018-05-31,GA-UQ,0.0665450036535537,0.4599466330599466,0.0011498665826498665,34,ewma,25,137
2018-06-30,1/N,-0.035027137593663125,0.045314389808701075,0.0001132859745217527,34,ewma,25,137
2018-06-30,GA-UQ,-0.013458942135236714,0.24777954497471724,0.0006194488624367931,34,ewma,25,137
2018-07-31,1/N,0.020989932841311804,0.05016834406796027,0.0001254208601699007,34,ewma,25,137
2018-07-31,GA-UQ,-0.02741863095370824,0.23928794797538783,0.0005982198699384696,34,ewma,25,137
2018-08-31,1/N,-0.01986493007344135,0.04445255229071905,0.00011113138072679763,34,ewma,25,137
2018-08-31,GA-UQ,0.04270653156410217,0.3042909351143459,0.0007607273377858648,34,ewma,25,137
2018-09-30,1/N,0.014014041250357101,0.03987848728158791,9.969621820396977e-05,34,ewma,25,137
2018-09-30,GA-UQ,-0.043792831484890785,0.3558485748019175,0.0008896214370047937,34,ewma,25,137
2018-10-31,1/N,-0.08056560813545814,0.03976929671284475,9.942324178211188e-05,34,ewma,25,137
2018-10-31,GA-UQ,-0.14507001880135165,0.5657671601582994,0.0014144179003957485,34,ewma,25,137
2018-11-30,1/N,-0.022518941313547407,0.039303109326747236,9.825777331686809e-05,34,ewma,25,137
2018-11-30,GA-UQ,-0.047061150243732815,0.5497694853773796,0.001374423713443449,34,ewma,25,137
2018-12-31,1/N,-0.05630308092009595,0.06319519549107713,0.00015798798872769285,34,ewma,25,137
2018-12-31,GA-UQ,-0.02443382417925054,1.233001145507723,0.0030825028637693074,34,ewma,25,137
2019-01-31,1/N,0.06038628416464421,0.04436365839276552,0.0001109091459819138,34,ewma,25,137
2019-01-31,GA-UQ,0.03001992764778371,0.7988975235024738,0.0019972438087561845,34,ewma,25,137
2019-02-28,1/N,0.05277323694743015,0.04185302600857702,0.00010463256502144255,34,ewma,25,137
2019-02-28,GA-UQ,0.0660875533872876,0.7151572135889942,0.0017878930339724854,34,ewma,25,137
2019-03-31,1/N,-0.008646901207620093,0.044280447891985444,0.00011070111972996361,34,ewma,25,137
2019-03-31,GA-UQ,0.03766764303680441,0.6720260437095353,0.0016800651092738384,34,ewma,25,137
2019-04-30,1/N,0.060138666651171103,0.04095278800181208,0.00010238197000453021,34,ewma,25,137
2019-04-30,GA-UQ,0.03152694615052409,0.7932977853716805,0.001983244463429201,34,ewma,25,137
2019-05-31,1/N,-0.0831232584916837,0.046167133306180885,0.00011541783326545221,34,ewma,25,137
2019-05-31,GA-UQ,-0.09705492128739802,0.5702225075805019,0.0014255562689512546,34,ewma,25,137
2019-06-30,1/N,0.0635748292410221,0.04659796131748832,0.0001164949032937208,34,ewma,25,137
2019-06-30,GA-UQ,0.11679807866581811,0.3893865527981613,0.0009734663819954033,34,ewma,25,137
2019-07-31,1/N,-0.005341795706492394,0.06190034192679518,0.00015475085481698794,34,ewma,25,137
2019-07-31,GA-UQ,-0.08000492168080517,0.7033119001884947,0.0017582797504712368,34,ewma,25,137
2019-08-31,1/N,-0.014175032308084305,0.05015595053101032,0.0001253898763275258,34,ewma,25,137
2019-08-31,GA-UQ,-0.04193625159199785,0.04653658846209627,0.00011634147115524067,34,ewma,25,137
2019-09-30,1/N,0.0412528037930826,0.042265672747184374,0.00010566418186796094,34,ewma,25,137
2019-09-30,GA-UQ,0.010411825047061946,0.8049342685360491,0.002012335671340123,34,ewma,25,137
2019-10-31,1/N,0.00658876572102602,0.05199216139820975,0.00012998040349552437,34,ewma,25,137
2019-10-31,GA-UQ,0.04093330110379369,0.9926634599596901,0.0024816586498992254,34,ewma,25,137
2019-11-30,1/N,0.027740089024507787,0.0475714784618262,0.00011892869615456551,34,ewma,25,137
2019-11-30,GA-UQ,0.052310636759523375,0.7337154509957038,0.0018342886274892594,34,ewma,25,137
2019-12-31,1/N,0.0030977288074066594,0.048269954412304666,0.00012067488603076166,34,ewma,25,137
2019-12-31,GA-UQ,-0.021394666762581133,0.4533864836405273,0.0011334662091013184,34,ewma,25,137
2020-01-31,1/N,-0.03342524688820583,0.04160973237707055,0.00010402433094267639,34,ewma,25,137
2020-01-31,GA-UQ,-0.0023034712573619465,0.4199693980496735,0.0010499234951241838,34,ewma,25,137
2020-02-29,1/N,-0.08265824595353659,0.03388832052769217,8.472080131923041e-05,34,ewma,25,137
2020-02-29,GA-UQ,-0.08979017573262223,0.41540285848405795,0.0010385071462101448,34,ewma,25,137
2020-03-31,1/N,-0.18052862396069447,0.05829179179301168,0.00014572947948252922,34,ewma,25,137
2020-03-31,GA-UQ,-0.20420869961845853,0.9814071035616816,0.002453517758904204,34,ewma,25,137
2020-04-30,1/N,0.06032417364706623,0.039250696448870824,9.812674112217706e-05,34,ewma,25,137
2020-04-30,GA-UQ,-0.00952508301984533,0.8772665711835562,0.0021931664279588904,34,ewma,25,137
2020-05-31,1/N,0.021782631001128396,0.1209852506222839,0.00030246312655570975,34,ewma,25,137
2020-05-31,GA-UQ,0.03592931934763723,1.1488730311950202,0.0028721825779875506,34,ewma,25,137
2020-06-30,1/N,0.04744365664286995,0.06951065049062437,0.00017377662622656092,34,ewma,25,137
2020-06-30,GA-UQ,0.05245897351101883,0.717653740771552,0.0017941343519288799,34,ewma,25,137
2020-07-31,1/N,-0.03673351814474734,0.047860987811861114,0.00011965246952965279,34,ewma,25,137
2020-07-31,GA-UQ,-0.003545474558504711,0.1588194942586906,0.00039704873564672653,34,ewma,25,137
2020-08-31,1/N,0.05883401548771513,0.04445298347870059,0.00011113245869675147,34,ewma,25,137
2020-08-31,GA-UQ,0.004259385194116899,0.17375883831955294,0.00043439709579888233,34,ewma,25,137
2020-09-30,1/N,-0.01666951225958891,0.05357286902843758,0.00013393217257109396,34,ewma,25,137
2020-09-30,GA-UQ,-0.0022059158266397845,0.48191615838132484,0.001204790395953312,34,ewma,25,137
2020-10-31,1/N,-0.04651272663194004,0.05374824957973512,0.0001343706239493378,34,ewma,25,137
2020-10-31,GA-UQ,-0.05040201835663297,0.24021721074492544,0.0006005430268623136,34,ewma,25,137
2020-11-30,1/N,0.2214161503679803,0.05923291075936792,0.0001480822768984198,34,ewma,25,137
2020-11-30,GA-UQ,0.09029353870325131,0.6565541983787306,0.0016413854959468266,34,ewma,25,137
2020-12-31,1/N,0.015158374590275888,0.05648871024922441,0.00014122177562306103,34,ewma,25,137
2020-12-31,GA-UQ,0.038348493902123755,0.4549908310283213,0.0011374770775708033,34,ewma,25,137
2021-01-31,1/N,-0.020544952784307652,0.08854210344518958,0.00022135525861297396,34,ewma,25,137
2021-01-31,GA-UQ,-0.04092388973594435,0.017946172370467507,4.486543092616877e-05,34,ewma,25,137
2021-02-28,1/N,0.05526709285628172,0.04288596297114022,0.00010721490742785055,34,ewma,25,137
2021-02-28,GA-UQ,0.04513339749247,0.1368449968591196,0.000342112492147799,34,ewma,25,137
2021-03-31,1/N,0.057549536766355554,0.046267065701626,0.00011566766425406502,34,ewma,25,137
2021-03-31,GA-UQ,0.07229080813626226,0.14071379639586518,0.00035178449098966294,34,ewma,25,137
2021-04-30,1/N,0.01296113961168747,0.058899408733204296,0.00014724852183301075,34,ewma,25,137
2021-04-30,GA-UQ,0.07174155588097603,0.4964154331295296,0.001241038582823824,34,ewma,25,137
2021-05-31,1/N,0.010016994250898666,0.043030868879357,0.0001075771721983925,34,ewma,25,137
2021-05-31,GA-UQ,0.053301202585278575,0.38430249929678384,0.0009607562482419597,34,ewma,25,137
2021-06-30,1/N,-0.007106196137649887,0.04193210317322081,0.00010483025793305203,34,ewma,25,137
2021-06-30,GA-UQ,0.035472824876771246,0.5765827561443221,0.0014414568903608053,34,ewma,25,137
2021-07-31,1/N,-0.0008936058855936782,0.0335544175871003,8.388604396775076e-05,34,ewma,25,137
2021-07-31,GA-UQ,0.022385560612811405,0.5165140833940384,0.001291285208485096,34,ewma,25,137
2021-08-31,1/N,0.022403128708997633,0.03834476015496585,9.586190038741463e-05,34,ewma,25,137
2021-08-31,GA-UQ,-0.061798881118673904,0.794580452107959,0.0019864511302698975,34,ewma,25,137
2021-09-30,1/N,-0.008477080094895293,0.05996547157422458,0.00014991367893556144,34,ewma,25,137
2021-09-30,GA-UQ,-0.045638338646512205,0.980437281486511,0.0024510932037162775,34,ewma,25,137
2021-10-31,1/N,0.029340802309399158,0.039890162555246945,9.972540638811737e-05,34,ewma,25,137
2021-10-31,GA-UQ,0.10212425314881911,0.6173981736986035,0.0015434954342465087,34,ewma,25,137
2021-11-30,1/N,-0.04349544068668954,0.04556859971467125,0.00011392149928667812,34,ewma,25,137
2021-11-30,GA-UQ,0.024856124270558926,1.2763234473098863,0.003190808618274716,34,ewma,25,137
2021-12-31,1/N,0.06224266453045146,0.04019589687794894,0.00010048974219487234,34,ewma,25,137
2021-12-31,GA-UQ,0.02282612108028026,0.49218547537366647,0.0012304636884341662,34,ewma,25,137
2022-01-31,1/N,-0.01837803608704413,0.059127033265837195,0.000147817583164593,34,ewma,25,137
2022-01-31,GA-UQ,-0.06168775024468252,0.04108841298311422,0.00010272103245778555,34,ewma,25,137
2022-02-28,1/N,-0.0420469710723262,0.033385107858898415,8.346276964724604e-05,34,ewma,25,137
2022-02-28,GA-UQ,-0.08142102897892581,0.40887388099668504,0.0010221847024917126,34,ewma,25,137
2022-03-31,1/N,-0.017058936095938962,0.06724548131273864,0.00016811370328184659,34,ewma,25,137
2022-03-31,GA-UQ,0.007642860475331637,0.1694891424267942,0.0004237228560669855,34,ewma,25,137
2022-04-30,1/N,-0.009361916906461269,0.07628051760483137,0.00019070129401207843,34,ewma,25,137
2022-04-30,GA-UQ,-0.0710194070543134,0.22716078682479368,0.0005679019670619842,34,ewma,25,137
2022-05-31,1/N,0.007143382734471309,0.06700653005573962,0.00016751632513934905,34,ewma,25,137
2022-05-31,GA-UQ,0.016364027317582276,0.40724067340464964,0.001018101683511624,34,ewma,25,137
2022-06-30,1/N,-0.12327494463296751,0.04419623334350431,0.00011049058335876077,34,ewma,25,137
2022-06-30,GA-UQ,-0.1239680778960391,0.55647723863415,0.001391193096585375,34,ewma,25,137
2022-07-31,1/N,0.06331942522553194,0.06591611502623283,0.00016479028756558208,34,ewma,25,137
2022-07-31,GA-UQ,0.13613196395663335,0.6026665021265423,0.0015066662553163558,34,ewma,25,137
2022-08-31,1/N,-0.04633589168996853,0.09241658167755391,0.00023104145419388479,34,ewma,25,137
2022-08-31,GA-UQ,-0.042589239547045764,1.1963947459711504,0.002990986864927876,34,ewma,25,137
2022-09-30,1/N,-0.0867218834208119,0.06769784340346283,0.00016924460850865707,34,ewma,25,137
2022-09-30,GA-UQ,-0.07237924668150883,0.25579030338475117,0.000639475758461878,34,ewma,25,137
2022-10-31,1/N,0.09285439996987148,0.049514298640459295,0.00012378574660114824,34,ewma,25,137
2022-10-31,GA-UQ,0.04279922662193653,0.15892286478271755,0.0003973071619567939,34,ewma,25,137
2022-11-30,1/N,0.06921292346774797,0.051092292406097396,0.00012773073101524348,34,ewma,25,137
2022-11-30,GA-UQ,0.08349546122241447,0.5335321899442734,0.0013338304748606836,34,ewma,25,137
2022-12-31,1/N,-0.04504373843999495,0.061682959862532874,0.00015420739965633218,34,ewma,25,137
2022-12-31,GA-UQ,-0.052198621281333374,0.5525537352405625,0.0013813843381014063,34,ewma,25,137
2023-01-31,1/N,0.12286093608391616,0.04378621716240066,0.00010946554290600165,34,ewma,25,137
2023-01-31,GA-UQ,0.10928069403370565,0.44161423836012614,0.0011040355959003154,34,ewma,25,137
2023-02-28,1/N,0.04201271835307748,0.03445583208133337,8.613958020333343e-05,34,ewma,25,137
2023-02-28,GA-UQ,0.009969920845300111,0.30233638516264405,0.0007558409629066102,34,ewma,25,137
2023-03-31,1/N,-0.02726842262773834,0.06377013440862914,0.00015942533602157286,34,ewma,25,137
2023-03-31,GA-UQ,0.025941458651483024,0.13123795347038214,0.00032809488367595535,34,ewma,25,137
2023-04-30,1/N,0.019374928891113412,0.04089326466284112,0.0001022331616571028,34,ewma,25,137
2023-04-30,GA-UQ,0.035981773013414445,0.6136906137158948,0.001534226534289737,34,ewma,25,137
2023-05-31,1/N,-0.0497889930189142,0.059365229914925266,0.00014841307478731316,34,ewma,25,137
2023-05-31,GA-UQ,-0.07167489495979315,0.607469040284108,0.00151867260071027,34,ewma,25,137
2023-06-30,1/N,0.03506350528867377,0.05506404654227452,0.0001376601163556863,34,ewma,25,137
2023-06-30,GA-UQ,0.05163946650712244,0.37381986652507576,0.0009345496663126894,34,ewma,25,137
2023-07-31,1/N,-0.0009059460808796606,0.05687517310185096,0.00014218793275462741,34,ewma,25,137
2023-07-31,GA-UQ,-0.002997134563515457,0.45638607556886784,0.0011409651889221697,34,ewma,25,137
2023-08-31,1/N,-0.029020083658802973,0.04538728496558025,0.00011346821241395062,34,ewma,25,137
2023-08-31,GA-UQ,-0.03869967709695176,0.19208804574377075,0.0004802201143594269,34,ewma,25,137
2023-09-30,1/N,-0.047968613090660306,0.05533166996390573,0.00013832917490976435,34,ewma,25,137
2023-09-30,GA-UQ,-0.016483225960551635,0.5769627606768483,0.0014424069016921207,34,ewma,25,137
2023-10-31,1/N,-0.05327417363062761,0.0478082680031198,0.0001195206700077995,34,ewma,25,137
2023-10-31,GA-UQ,-0.0033809796440226964,0.5344086192604818,0.0013360215481512045,34,ewma,25,137
2023-11-30,1/N,0.04129410120802861,0.062181886656954566,0.00015545471664238643,34,ewma,25,137
2023-11-30,GA-UQ,0.02808218020583804,0.4842026558742447,0.0012105066396856119,34,ewma,25,137
2023-12-31,1/N,0.042722271130311705,0.0897460696535897,0.00022436517413397425,34,ewma,25,137
2023-12-31,GA-UQ,-0.0018533364599029863,0.5789796540598398,0.0014474491351495994,34,ewma,25,137
2024-01-31,1/N,-0.018288113152204615,0.05841631268598401,0.00014604078171496002,34,ewma,25,137
2024-01-31,GA-UQ,0.036782439690275594,0.46399350043020593,0.0011599837510755148,34,ewma,25,137
2024-02-29,1/N,-0.0012439526501871856,0.04502633983550035,0.00011256584958875088,34,ewma,25,137
2024-02-29,GA-UQ,0.01234581682459656,0.24597902829909965,0.0006149475707477491,34,ewma,25,137
2024-03-31,1/N,0.00601762386230635,0.06893772644607146,0.00017234431611517866,34,ewma,25,137
2024-03-31,GA-UQ,0.07305062572706343,0.20081855062817433,0.0005020463765704359,34,ewma,25,137
2024-04-30,1/N,-0.029335703007489212,0.08172044857221673,0.00020430112143054183,34,ewma,25,137
2024-04-30,GA-UQ,0.012808954354398907,0.3358661532199735,0.0008396653830499338,34,ewma,25,137
2024-05-31,1/N,0.02256638386243596,0.08836972085604339,0.00022092430214010848,34,ewma,25,137
2024-05-31,GA-UQ,0.0050426521853823205,0.18473321872258883,0.0004618330468064721,34,ewma,25,137
2024-06-30,1/N,-0.08705473885185859,0.051213140713395326,0.00012803285178348832,34,ewma,25,137
2024-06-30,GA-UQ,-0.06734948364799312,0.234982744319841,0.0005874568607996026,34,ewma,25,137
2024-07-31,1/N,0.006487223478237948,0.0549160389078024,0.00013729009726950602,34,ewma,25,137
2024-07-31,GA-UQ,-0.021629222068057462,0.28745471846018134,0.0007186367961504533,34,ewma,25,137
2024-08-31,1/N,-0.005574574678923117,0.06251650843147728,0.0001562912710786932,34,ewma,25,137
2024-08-31,GA-UQ,0.017240363850240636,0.3620784324999693,0.0009051960812499233,34,ewma,25,137
2024-09-30,1/N,-0.004037206631479066,0.05319429044498679,0.00013298572611246696,34,ewma,25,137
2024-09-30,GA-UQ,-0.009879727326054175,0.8438290201168982,0.0021095725502922455,34,ewma,25,137
2024-10-31,1/N,-0.01643057980756509,0.03762781111429066,9.406952778572665e-05,34,ewma,25,137
2024-10-31,GA-UQ,0.018836938999112245,0.3903360127057503,0.0009758400317643758,34,ewma,25,137
